plate,row,fly,sex,pcvl,full,partial,acvl,log vein loss,extra vein,
plate1,a,1,f,0,0,0,0,0,0,
plate1,a,2,f,1,1,0,1,0,0,
plate1,a,3,f,0,0,0,0,0,0,
plate1,a,4,f,1,0,1,0,0,0,
plate1,a,5,f,0,0,0,0,0,0,
plate1,a,6,f,0,0,0,0,0,0,
plate1,a,7,f,0,0,0,0,0,0,
plate1,a,8,f,NA,NA,NA,NA,NA,NA,
plate1,a,9,f,0,0,0,0,0,0,
plate1,a,10,f,0,0,0,0,1,0,
plate1,a,11,f,0,0,0,0,0,0,
plate1,a,12,f,0,0,0,0,0,0,
plate1,b,1,m,0,0,0,0,0,0,
plate1,b,2,m,0,0,0,0,0,0,
plate1,b,3,m,0,0,0,0,0,0,
plate1,b,4,m,1,0,1,1,0,0,
plate1,b,5,m,0,0,0,0,0,0,
plate1,b,6,m,0,0,0,0,0,0,
plate1,b,7,m,0,0,0,0,0,1,
plate1,b,8,m,0,0,0,0,0,0,
plate1,b,9,m,0,0,0,0,0,0,
plate1,b,10,m,0,0,0,0,0,0,
plate1,b,11,m,0,0,0,0,0,0,
plate1,b,12,m,0,0,0,0,0,0,
plate1,c,1,f,0,0,0,0,0,0,
plate1,c,2,f,1,1,0,1,1,0,
plate1,c,3,f,0,0,0,0,0,0,
plate1,c,4,f,1,1,0,1,0,0,
plate1,c,5,f,0,0,0,0,0,0,
plate1,c,6,f,0,0,0,0,0,0,
plate1,c,7,f,0,0,0,0,0,0,
plate1,c,8,f,0,0,0,0,0,0,
plate1,c,9,f,1,1,0,1,0,0,
plate1,c,10,f,0,0,0,0,0,0,
plate1,c,11,f,0,0,0,0,0,0,
plate1,c,12,f,0,0,0,0,0,0,
plate1,d,1,m,0,0,0,0,0,0,
plate1,d,2,m,0,0,0,0,0,0,
plate1,d,3,m,0,0,0,0,0,0,
plate1,d,4,m,0,0,0,0,0,0,
plate1,d,5,m,0,0,0,0,0,0,
plate1,d,6,m,0,0,0,0,0,0,
plate1,d,7,m,1,1,0,0,0,0,
plate1,d,8,m,0,0,0,0,0,0,
plate1,d,9,m,0,0,0,0,0,0,
plate1,d,10,m,0,0,0,0,0,0,
plate1,d,11,m,0,0,0,0,0,0,
plate1,d,12,m,0,0,0,0,0,0,
plate1,e,1,f,1,1,0,1,0,0,
plate1,e,2,f,1,0,1,0,0,0,
plate1,e,3,f,0,0,0,0,0,0,
plate1,e,4,f,0,0,0,0,0,0,
plate1,e,5,f,0,0,0,0,0,0,
plate1,e,6,f,1,1,0,1,0,0,
plate1,e,7,f,0,0,0,0,0,0,
plate1,e,8,f,0,0,0,0,0,0,
plate1,e,9,f,0,0,0,0,0,0,
plate1,e,10,f,0,0,0,0,0,0,
plate1,e,11,f,0,0,0,0,0,0,
plate1,e,12,f,0,0,0,0,0,0,
plate1,f,1,m,0,0,0,0,0,0,
plate1,f,2,m,0,0,0,0,0,0,
plate1,f,3,m,0,0,0,0,0,0,
plate1,f,4,m,0,0,0,0,0,0,
plate1,f,5,m,0,0,0,0,0,0,
plate1,f,6,m,1,0,1,0,0,0,
plate1,f,7,m,1,1,0,1,0,0,
plate1,f,8,m,0,0,0,0,0,0,
plate1,f,9,m,0,0,0,0,0,0,
plate1,f,10,m,0,0,0,0,0,0,
plate1,f,11,m,0,0,0,0,0,0,
plate1,f,12,m,1,0,1,0,0,0,
plate1,g,1,f,1,0,1,0,0,0,
plate1,g,2,f,1,0,1,1,1,0,
plate1,g,3,f,1,1,0,1,0,0,
plate1,g,4,f,1,1,0,1,0,0,
plate1,g,5,f,1,1,0,1,0,0,
plate1,g,6,f,0,0,0,0,0,0,
plate1,g,7,f,0,0,0,0,0,0,
plate1,g,8,f,0,0,0,0,0,0,
plate1,g,9,f,0,0,0,0,0,0,
plate1,g,10,f,0,0,0,0,0,0,
plate1,g,11,f,0,0,0,0,0,0,
plate1,g,12,f,0,0,0,0,0,0,
plate1,h,1,m,0,0,0,0,0,0,
plate1,h,2,m,0,0,0,0,0,0,
plate1,h,3,m,0,0,0,0,0,0,
plate1,h,4,m,0,0,0,0,0,0,
plate1,h,5,m,0,0,0,0,0,0,
plate1,h,6,m,1,1,0,1,0,0,
plate1,h,7,m,0,0,0,0,0,0,
plate1,h,8,m,0,0,0,0,0,0,
plate1,h,9,m,1,1,0,1,0,0,
plate1,h,10,m,0,0,0,0,0,0,
plate1,h,11,m,0,0,0,0,0,0,
plate1,h,12,m,0,0,0,0,0,0,
plate2,a,1,f,0,0,0,0,0,0,
plate2,a,2,f,0,0,0,0,0,0,
plate2,a,3,f,0,0,0,0,0,0,
plate2,a,4,f,1,1,0,1,1,0,
plate2,a,5,f,0,0,0,0,0,0,
plate2,a,6,f,0,0,0,0,0,0,
plate2,a,7,f,1,1,0,1,1,0,
plate2,a,8,f,0,0,0,0,0,0,
plate2,a,9,f,0,0,0,0,0,0,
plate2,a,10,f,0,0,0,0,0,0,
plate2,a,11,f,0,0,0,0,0,0,
plate2,a,12,f,0,0,0,0,0,1,
plate2,b,1,m,0,0,0,0,0,0,
plate2,b,2,m,0,0,0,0,0,0,
plate2,b,3,m,0,0,0,0,0,0,
plate2,b,4,m,0,0,0,0,0,0,
plate2,b,5,m,0,0,0,0,0,0,
plate2,b,6,m,0,0,0,0,0,0,
plate2,b,7,m,0,0,0,0,0,0,
plate2,b,8,m,0,0,0,0,0,0,
plate2,b,9,m,1,1,0,0,1,0,
plate2,b,10,m,0,0,0,0,1,0,
plate2,b,11,m,0,0,0,0,0,0,
plate2,b,12,m,0,0,0,0,0,0,
plate2,c,1,f,0,0,0,0,0,0,
plate2,c,2,f,0,0,0,0,0,0,
plate2,c,3,f,0,0,0,0,0,0,
plate2,c,4,f,0,0,0,0,0,0,
plate2,c,5,f,0,0,0,0,0,0,
plate2,c,6,f,0,0,0,0,0,0,
plate2,c,7,f,0,0,0,0,0,0,
plate2,c,8,f,0,0,0,0,0,0,
plate2,c,9,f,0,0,0,0,0,0,
plate2,c,10,f,1,0,1,0,1,0,
plate2,c,11,f,1,0,1,0,0,0,
plate2,c,12,f,0,0,0,0,0,0,
plate2,d,1,m,0,0,0,0,0,0,
plate2,d,2,m,0,0,0,0,0,0,
plate2,d,3,m,0,0,0,0,0,0,
plate2,d,4,m,1,0,1,1,1,0,
plate2,d,5,m,0,0,0,0,0,0,
plate2,d,6,m,1,1,0,1,1,1,
plate2,d,7,m,0,0,0,0,0,0,
plate2,d,8,m,0,0,0,0,0,0,
plate2,d,9,m,0,0,0,0,0,0,
plate2,d,10,m,1,1,0,1,1,0,
plate2,d,11,m,0,0,0,0,0,0,
plate2,d,12,m,1,1,0,1,1,0,
plate2,e,1,f,1,1,0,1,1,0,
plate2,e,2,f,0,0,0,0,0,0,
plate2,e,3,f,0,0,0,0,0,0,
plate2,e,4,f,0,0,0,0,0,0,
plate2,e,5,f,0,0,0,0,0,0,
plate2,e,6,f,0,0,0,0,0,0,
plate2,e,7,f,0,0,0,0,0,0,
plate2,e,8,f,0,0,0,0,0,0,
plate2,e,9,f,0,0,0,0,0,0,
plate2,e,10,f,0,0,0,0,0,0,
plate2,e,11,f,0,0,0,0,0,0,
plate2,e,12,f,0,0,0,0,0,0,
plate2,f,1,m,0,0,0,0,0,0,
plate2,f,2,m,0,0,0,0,0,0,
plate2,f,3,m,0,0,0,0,0,0,
plate2,f,4,m,0,0,0,0,0,0,
plate2,f,5,m,0,0,0,0,0,0,
plate2,f,6,m,0,0,0,0,0,0,
plate2,f,7,m,0,0,0,0,0,0,
plate2,f,8,m,0,0,0,0,0,0,
plate2,f,9,m,0,0,0,0,0,0,
plate2,f,10,m,0,0,0,0,0,0,
plate2,f,11,m,0,0,0,0,0,0,
plate2,f,12,m,0,0,0,0,0,0,
plate2,g,1,f,0,0,0,0,0,0,
plate2,g,2,f,0,0,0,0,0,0,
plate2,g,3,f,0,0,0,0,0,0,
plate2,g,4,f,0,0,0,0,0,0,
plate2,g,5,f,1,0,1,0,0,0,
plate2,g,6,f,0,0,0,0,0,0,
plate2,g,7,f,0,0,0,0,0,0,
plate2,g,8,f,1,1,0,1,1,0,
plate2,g,9,f,0,0,0,0,0,0,
plate2,g,10,f,0,0,0,0,0,0,
plate2,g,11,f,0,0,0,0,0,0,
plate2,g,12,f,0,0,0,0,0,0,
plate2,h,1,m,0,0,0,0,0,0,
plate2,h,2,m,1,0,1,1,0,0,
plate2,h,3,m,0,0,0,0,0,0,
plate2,h,4,m,0,0,0,0,0,0,
plate2,h,5,m,0,0,0,0,0,0,
plate2,h,6,m,0,0,0,0,0,0,
plate2,h,7,m,0,0,0,0,0,0,
plate2,h,8,m,0,0,0,0,0,1,
plate2,h,9,m,0,0,0,0,0,0,
plate2,h,10,m,1,1,0,1,0,0,
plate2,h,11,m,0,0,0,0,0,0,
plate2,h,12,m,0,0,0,0,0,0,
plate3,a,1,f,0,0,0,0,0,0,
plate3,a,2,f,0,0,0,0,0,0,
plate3,a,3,f,0,0,0,0,0,0,
plate3,a,4,f,1,0,1,1,1,0,
plate3,a,5,f,0,0,0,0,0,0,
plate3,a,6,f,0,0,0,0,0,0,
plate3,a,7,f,0,0,0,0,0,0,
plate3,a,8,f,0,0,0,0,0,0,
plate3,a,9,f,0,0,0,0,0,0,
plate3,a,10,f,0,0,0,0,0,0,
plate3,a,11,f,0,0,0,0,0,0,
plate3,a,12,f,1,1,0,1,0,1,
plate3,b,1,m,0,0,0,0,0,0,
plate3,b,2,m,1,0,1,1,0,0,
plate3,b,3,m,0,0,0,0,0,0,
plate3,b,4,m,1,0,1,0,0,0,
plate3,b,5,m,0,0,0,0,0,0,
plate3,b,6,m,0,0,0,0,0,0,
plate3,b,7,m,0,0,0,0,0,0,
plate3,b,8,m,1,0,1,1,0,0,
plate3,b,9,m,0,0,0,0,0,0,
plate3,b,10,m,0,0,0,0,0,0,
plate3,b,11,m,0,0,0,0,0,0,
plate3,b,12,m,1,1,0,1,1,0,
plate3,c,1,f,1,1,0,1,0,0,
plate3,c,2,f,0,0,0,0,0,0,
plate3,c,3,f,1,0,1,0,0,0,
plate3,c,4,f,0,0,0,0,0,0,
plate3,c,5,f,0,0,0,0,0,0,
plate3,c,6,f,0,0,0,0,0,0,
plate3,c,7,f,0,0,0,0,0,0,
plate3,c,8,f,0,0,0,0,0,0,
plate3,c,9,f,0,0,0,0,0,0,
plate3,c,10,f,0,0,0,0,0,0,
plate3,c,11,f,0,0,0,0,0,0,
plate3,c,12,f,0,0,0,0,0,0,
plate3,d,1,m,0,0,0,0,0,0,
plate3,d,2,m,0,0,0,0,0,0,
plate3,d,3,m,0,0,0,0,0,0,
plate3,d,4,m,0,0,0,0,0,0,
plate3,d,5,m,0,0,0,0,0,0,
plate3,d,6,m,0,0,0,0,0,0,
plate3,d,7,m,1,0,1,0,0,0,
plate3,d,8,m,1,0,1,1,0,0,
plate3,d,9,m,0,0,0,0,0,0,
plate3,d,10,m,0,0,0,0,0,0,
plate3,d,11,m,0,0,0,0,0,0,
plate3,d,12,m,0,0,0,0,0,0,
plate3,e,1,f,1,0,1,1,1,0,
plate3,e,2,f,1,1,0,1,1,0,
plate3,e,3,f,0,0,0,0,0,0,
plate3,e,4,f,0,0,0,0,0,0,
plate3,e,5,f,0,0,0,0,0,0,
plate3,e,6,f,0,0,0,0,0,0,
plate3,e,7,f,0,0,0,0,0,0,
plate3,e,8,f,0,0,0,0,0,0,
plate3,e,9,f,0,0,0,0,0,0,
plate3,e,10,f,1,1,0,0,1,0,
plate3,e,11,f,0,0,0,0,0,0,
plate3,e,12,f,0,0,0,0,0,0,
plate3,f,1,m,0,0,0,0,0,0,
plate3,f,2,m,0,0,0,0,0,0,
plate3,f,3,m,0,0,0,0,0,0,
plate3,f,4,m,0,0,0,0,0,0,
plate3,f,5,m,0,0,0,0,0,0,
plate3,f,6,m,0,0,0,0,0,0,
plate3,f,7,m,1,0,1,0,1,0,
plate3,f,8,m,1,1,0,1,0,0,
plate3,f,9,m,0,0,0,0,0,0,
plate3,f,10,m,0,0,0,0,0,0,
plate3,f,11,m,0,0,0,0,0,0,
plate3,f,12,m,0,0,0,0,0,0,
plate3,g,1,f,0,0,0,0,0,1,
plate3,g,2,f,0,0,0,0,0,0,
plate3,g,3,f,0,0,0,0,0,0,
plate3,g,4,f,0,0,0,0,0,0,
plate3,g,5,f,0,0,0,0,0,0,
plate3,g,6,f,0,0,0,0,1,0,
plate3,g,7,f,0,0,0,0,0,0,
plate3,g,8,f,0,0,0,0,0,0,
plate3,g,9,f,0,0,0,0,0,0,
plate3,g,10,f,0,0,0,0,0,0,
plate3,g,11,f,0,0,0,0,0,0,
plate3,g,12,f,0,0,0,0,0,0,
plate3,h,1,m,0,0,0,0,0,0,
plate3,h,2,m,0,0,0,0,0,0,
plate3,h,3,m,0,0,0,0,0,0,
plate3,h,4,m,0,0,0,0,0,0,
plate3,h,5,m,0,0,0,0,0,0,
plate3,h,6,m,0,0,0,0,0,0,
plate3,h,7,m,0,0,0,0,0,0,
plate3,h,8,m,0,0,0,0,0,0,
plate3,h,9,m,0,0,0,0,0,0,
plate3,h,10,m,1,1,0,1,0,0,
plate3,h,11,m,0,0,0,0,0,0,
plate3,h,12,m,0,0,0,0,0,0,
plate4,a,1,f,0,0,0,0,0,0,
plate4,a,2,f,0,0,0,0,0,1,
plate4,a,3,f,0,0,0,0,0,0,
plate4,a,4,f,0,0,0,0,0,0,
plate4,a,5,f,0,0,0,0,0,0,
plate4,a,6,f,1,1,0,1,0,0,
plate4,a,7,f,0,0,0,0,0,0,
plate4,a,8,f,0,0,0,0,0,0,
plate4,a,9,f,0,0,0,0,0,0,
plate4,a,10,f,0,0,0,0,0,0,
plate4,a,11,f,1,1,0,1,0,0,
plate4,a,12,f,1,0,1,0,0,0,
plate4,b,1,m,1,1,0,1,1,0,
plate4,b,2,m,0,0,0,0,0,0,
plate4,b,3,m,0,0,0,0,0,0,
plate4,b,4,m,0,0,0,0,0,0,
plate4,b,5,m,1,0,1,0,0,0,
plate4,b,6,m,0,0,0,0,0,0,
plate4,b,7,m,0,0,0,0,0,0,
plate4,b,8,m,0,0,0,0,0,0,
plate4,b,9,m,0,0,0,0,0,0,
plate4,b,10,m,0,0,0,0,0,0,
plate4,b,11,m,0,0,0,0,0,0,
plate4,b,12,m,0,0,0,0,0,0,
plate4,c,1,f,0,0,0,0,0,0,
plate4,c,2,f,0,0,0,0,0,0,
plate4,c,3,f,1,1,0,1,1,0,
plate4,c,4,f,0,0,0,0,0,0,
plate4,c,5,f,0,0,0,0,0,0,
plate4,c,6,f,0,0,0,0,0,0,
plate4,c,7,f,1,0,1,0,0,0,
plate4,c,8,f,0,0,0,0,0,0,
plate4,c,9,f,0,0,0,0,0,0,
plate4,c,10,f,0,0,0,0,1,0,
plate4,c,11,f,0,0,0,0,0,0,
plate4,c,12,f,0,0,0,0,0,0,
plate4,d,1,m,1,1,0,0,0,0,
plate4,d,2,m,0,0,0,0,0,0,
plate4,d,3,m,0,0,0,0,0,0,
plate4,d,4,m,0,0,0,0,0,0,
plate4,d,5,m,0,0,0,0,0,0,
plate4,d,6,m,0,0,0,0,0,0,
plate4,d,7,m,1,1,0,1,0,0,
plate4,d,8,m,1,1,0,1,1,0,
plate4,d,9,m,0,0,0,0,0,0,
plate4,d,10,m,0,0,0,0,0,0,
plate4,d,11,m,1,1,0,1,1,0,
plate4,d,12,m,0,0,0,0,0,0,
plate4,e,1,f,0,0,0,0,0,0,
plate4,e,2,f,0,0,0,0,0,0,
plate4,e,3,f,0,0,0,0,0,0,
plate4,e,4,f,0,0,0,0,0,0,
plate4,e,5,f,0,0,0,0,0,0,
plate4,e,6,f,0,0,0,0,0,0,
plate4,e,7,f,0,0,0,0,0,0,
plate4,e,8,f,0,0,0,0,0,0,
plate4,e,9,f,0,0,0,0,0,0,
plate4,e,10,f,0,0,0,0,0,0,
plate4,e,11,f,0,0,0,0,0,0,
plate4,e,12,f,0,0,0,0,0,0,
plate4,f,1,m,0,0,0,0,0,0,
plate4,f,2,m,0,0,0,0,0,0,
plate4,f,3,m,0,0,0,0,0,0,
plate4,f,4,m,1,1,0,1,1,0,
plate4,f,5,m,0,0,0,0,0,0,
plate4,f,6,m,0,0,0,0,0,0,
plate4,f,7,m,0,0,0,0,0,0,
plate4,f,8,m,0,0,0,0,0,0,
plate4,f,9,m,0,0,0,0,0,0,
plate4,f,10,m,0,0,0,0,0,0,
plate4,f,11,m,0,0,0,0,0,0,
plate4,f,12,m,0,0,0,0,0,0,
plate4,g,1,f,0,0,0,0,0,0,
plate4,g,2,f,0,0,0,0,0,0,
plate4,g,3,f,0,0,0,0,0,0,
plate4,g,4,f,0,0,0,0,0,0,
plate4,g,5,f,0,0,0,0,0,1,
plate4,g,6,f,0,0,0,0,0,0,
plate4,g,7,f,0,0,0,0,0,0,
plate4,g,8,f,0,0,0,0,0,0,
plate4,g,9,f,0,0,0,0,0,0,
plate4,g,10,f,0,0,0,0,0,0,
plate4,g,11,f,0,0,0,0,0,0,
plate4,g,12,f,0,0,0,0,0,0,
plate4,h,1,m,0,0,0,0,0,0,
plate4,h,2,m,0,0,0,0,0,0,
plate4,h,3,m,0,0,0,0,0,0,
plate4,h,4,m,1,0,1,1,1,0,
plate4,h,5,m,0,0,0,0,0,0,
plate4,h,6,m,0,0,0,0,0,0,
plate4,h,7,m,0,0,0,0,0,0,
plate4,h,8,m,0,0,0,0,0,0,
plate4,h,9,m,1,0,1,1,0,0,
plate4,h,10,m,0,0,0,0,0,0,
plate4,h,11,m,1,1,0,1,1,0,
plate4,h,12,m,0,0,0,0,0,0,
plate5,a,1,f,1,1,0,1,0,0,
plate5,a,2,f,0,0,0,0,0,0,
plate5,a,3,f,0,0,0,0,0,1,
plate5,a,4,f,1,1,0,1,0,0,
plate5,a,5,f,0,0,0,0,0,0,
plate5,a,6,f,1,1,0,1,1,0,
plate5,a,7,f,0,0,0,0,0,0,
plate5,a,8,f,1,0,1,0,0,0,
plate5,a,9,f,1,1,0,1,1,0,
plate5,a,10,f,0,0,0,0,0,0,
plate5,a,11,f,1,1,9,1,0,0,
plate5,a,12,f,0,0,0,0,0,0,
plate5,b,1,m,0,0,0,0,0,0,
plate5,b,2,m,0,0,0,0,0,0,
plate5,b,3,m,0,0,0,0,0,0,
plate5,b,4,m,0,0,0,0,0,0,
plate5,b,5,m,0,0,0,0,0,0,
plate5,b,6,m,0,0,0,0,0,0,
plate5,b,7,m,0,0,0,0,0,0,
plate5,b,8,m,1,1,0,1,1,0,
plate5,b,9,m,0,0,0,0,0,0,
plate5,b,10,m,0,0,0,0,0,0,
plate5,b,11,m,0,0,0,0,0,0,
plate5,b,12,m,0,0,0,0,0,0,
plate5,c,1,f,0,0,0,0,0,0,
plate5,c,2,f,0,0,0,0,0,0,
plate5,c,3,f,0,0,0,0,0,0,
plate5,c,4,f,0,0,0,0,0,0,
plate5,c,5,f,1,1,0,0,0,0,
plate5,c,6,f,0,0,0,0,0,0,
plate5,c,7,f,0,0,0,0,0,0,
plate5,c,8,f,0,0,0,0,0,0,
plate5,c,9,f,0,0,0,0,0,0,
plate5,c,10,f,0,0,0,0,0,0,
plate5,c,11,f,0,0,0,0,0,0,
plate5,c,12,f,0,0,0,0,0,0,
plate5,d,1,m,0,0,0,0,0,0,
plate5,d,2,m,1,0,1,1,0,1,
plate5,d,3,m,0,0,0,0,0,0,
plate5,d,4,m,1,0,1,1,0,0,
plate5,d,5,m,0,0,0,0,0,0,
plate5,d,6,m,0,0,0,0,0,0,
plate5,d,7,m,0,0,0,0,0,0,
plate5,d,8,m,0,0,0,0,0,0,
plate5,d,9,m,0,0,0,0,0,0,
plate5,d,10,m,0,0,0,0,0,0,
plate5,d,11,m,0,0,0,0,0,0,
plate5,d,12,m,0,0,0,0,0,0,
plate5,e,1,f,0,0,0,0,0,0,
plate5,e,2,f,1,1,0,1,1,0,
plate5,e,3,f,0,0,0,0,0,0,
plate5,e,4,f,0,0,0,0,0,0,
plate5,e,5,f,0,0,0,0,0,0,
plate5,e,6,f,1,1,0,1,1,0,
plate5,e,7,f,0,0,0,0,0,0,
plate5,e,8,f,0,0,0,0,0,0,
plate5,e,9,f,0,0,0,0,0,0,
plate5,e,10,f,0,0,0,0,0,0,
plate5,e,11,f,0,0,0,0,0,0,
plate5,e,12,f,1,1,0,1,1,0,
plate5,f,1,m,1,1,0,1,1,0,
plate5,f,2,m,0,0,0,0,0,0,
plate5,f,3,m,0,0,0,0,0,0,
plate5,f,4,m,0,0,0,0,0,0,
plate5,f,5,m,0,0,0,0,0,0,
plate5,f,6,m,0,0,0,0,0,0,
plate5,f,7,m,1,0,1,1,0,0,
plate5,f,8,m,0,0,0,0,0,0,
plate5,f,9,m,1,1,0,1,1,0,
plate5,f,10,m,0,0,0,0,0,0,
plate5,f,11,m,0,0,0,0,0,0,
plate5,f,12,m,0,0,0,0,0,0,
plate5,g,1,f,0,0,0,0,0,0,
plate5,g,2,f,0,0,0,0,0,1,
plate5,g,3,f,1,1,0,1,1,1,
plate5,g,4,f,0,0,0,0,0,0,
plate5,g,5,f,0,0,0,0,0,0,
plate5,g,6,f,0,0,0,0,0,0,
plate5,g,7,f,1,0,1,1,0,0,
plate5,g,8,f,0,0,0,0,0,0,
plate5,g,9,f,0,0,0,0,0,0,
plate5,g,10,f,0,0,0,0,0,0,
plate5,g,11,f,0,0,0,0,0,0,
plate5,g,12,f,0,0,0,0,0,0,
plate5,h,1,m,1,0,1,1,0,0,
plate5,h,2,m,0,0,0,0,0,0,
plate5,h,3,m,0,0,0,0,0,0,
plate5,h,4,m,0,0,0,0,0,0,
plate5,h,5,m,0,0,0,0,0,0,
plate5,h,6,m,0,0,0,0,0,0,
plate5,h,7,m,0,0,0,0,0,0,
plate5,h,8,m,0,0,0,0,0,0,
plate5,h,9,m,0,0,0,0,0,0,
plate5,h,10,m,1,0,1,0,0,0,
plate5,h,11,m,0,0,0,0,0,0,
plate5,h,12,m,0,0,0,0,0,0,
plate6,a,1,f,0,0,0,0,0,0,
plate6,a,2,f,0,0,0,0,0,0,
plate6,a,3,f,0,0,0,0,0,0,
plate6,a,4,f,0,0,0,0,0,0,
plate6,a,5,f,1,0,1,1,0,0,
plate6,a,6,f,0,0,0,0,0,0,
plate6,a,7,f,1,0,1,0,0,0,
plate6,a,8,f,0,0,0,0,0,0,
plate6,a,9,f,1,0,1,0,0,0,
plate6,a,10,f,0,0,0,0,0,0,
plate6,a,11,f,1,1,0,1,1,0,
plate6,a,12,f,0,0,0,0,0,0,
plate6,b,1,m,0,0,0,0,0,0,
plate6,b,2,m,0,0,0,0,0,0,
plate6,b,3,m,0,0,0,0,0,0,
plate6,b,4,m,0,0,0,0,0,0,
plate6,b,5,m,0,0,0,0,0,0,
plate6,b,6,m,1,1,0,0,0,0,
plate6,b,7,m,1,0,1,1,0,0,
plate6,b,8,m,1,1,0,1,1,0,
plate6,b,9,m,0,0,0,0,0,0,
plate6,b,10,m,0,0,0,0,0,0,
plate6,b,11,m,0,0,0,0,0,0,
plate6,b,12,m,0,0,0,0,0,0,
plate6,c,1,f,1,0,1,0,0,0,
plate6,c,2,f,1,1,0,0,0,0,
plate6,c,3,f,0,0,0,0,0,0,
plate6,c,4,f,0,0,0,0,0,0,
plate6,c,5,f,1,0,1,1,0,0,
plate6,c,6,f,0,0,0,0,0,0,
plate6,c,7,f,1,0,1,0,0,0,
plate6,c,8,f,1,1,0,1,0,0,
plate6,c,9,f,0,0,0,0,0,0,
plate6,c,10,f,1,0,1,0,0,0,
plate6,c,11,f,0,0,0,0,0,0,
plate6,c,12,f,0,0,0,0,0,0,
plate6,d,1,m,0,0,0,0,0,0,
plate6,d,2,m,0,0,0,0,0,0,
plate6,d,3,m,0,0,0,0,0,0,
plate6,d,4,m,0,0,0,0,0,1,
plate6,d,5,m,0,0,0,0,0,0,
plate6,d,6,m,0,0,0,0,0,0,
plate6,d,7,m,0,0,0,0,0,0,
plate6,d,8,m,0,0,0,0,0,0,
plate6,d,9,m,0,0,0,0,0,0,
plate6,d,10,m,0,0,0,0,0,0,
plate6,d,11,m,0,0,0,0,0,0,
plate6,d,12,m,0,0,0,0,0,0,
plate6,e,1,f,1,0,1,0,0,0,
plate6,e,2,f,1,0,1,0,0,0,
plate6,e,3,f,0,0,0,0,0,0,
plate6,e,4,f,0,0,0,0,0,0,
plate6,e,5,f,0,0,0,0,0,0,
plate6,e,6,f,0,0,0,0,0,0,
plate6,e,7,f,0,0,0,0,0,0,
plate6,e,8,f,0,0,0,0,0,0,
plate6,e,9,f,0,0,0,0,0,0,
plate6,e,10,f,0,0,0,0,0,1,
plate6,e,11,f,0,0,0,0,0,0,
plate6,e,12,f,0,0,0,0,0,0,
plate6,f,1,m,0,0,0,0,0,0,
plate6,f,2,m,0,0,0,0,0,0,
plate6,f,3,m,1,1,0,1,1,0,
plate6,f,4,m,0,0,0,0,0,0,
plate6,f,5,m,0,0,0,0,0,0,
plate6,f,6,m,1,0,1,0,0,0,
plate6,f,7,m,0,0,0,0,0,0,
plate6,f,8,m,0,0,0,0,0,0,
plate6,f,9,m,0,0,0,0,0,0,
plate6,f,10,m,0,0,0,0,0,0,
plate6,f,11,m,1,0,1,0,0,0,
plate6,f,12,m,0,0,0,0,0,0,
plate6,g,1,f,1,1,0,1,1,0,
plate6,g,2,f,1,1,0,1,1,0,
plate6,g,3,f,1,1,0,1,1,0,
plate6,g,4,f,0,0,0,0,0,0,
plate6,g,5,f,0,0,0,0,0,0,
plate6,g,6,f,0,0,0,0,0,0,
plate6,g,7,f,1,1,0,1,0,0,
plate6,g,8,f,0,0,0,0,0,0,
plate6,g,9,f,0,0,0,0,0,0,
plate6,g,10,f,0,0,0,0,0,0,
plate6,g,11,f,0,0,0,0,0,0,
plate6,g,12,f,0,0,0,0,0,0,
plate6,h,1,m,0,0,0,0,0,0,
plate6,h,2,m,0,0,0,0,0,0,
plate6,h,3,m,0,0,0,0,0,0,
plate6,h,4,m,0,0,0,0,0,0,
plate6,h,5,m,1,1,0,1,1,0,
plate6,h,6,m,0,0,0,0,0,0,
plate6,h,7,m,0,0,0,0,0,0,
plate6,h,8,m,0,0,0,0,0,0,
plate6,h,9,m,0,0,0,0,0,0,
plate6,h,10,m,0,0,0,0,0,0,
plate6,h,11,m,0,0,0,0,0,0,
plate6,h,12,m,0,0,0,0,0,0,
plate7,a,1,f,0,0,0,0,0,0,
plate7,a,2,f,0,0,0,0,0,0,
plate7,a,3,f,0,0,0,0,0,0,
plate7,a,4,f,0,0,0,0,0,0,
plate7,a,5,f,0,0,0,0,0,0,
plate7,a,6,f,0,0,0,0,0,0,
plate7,a,7,f,1,0,1,0,0,0,
plate7,a,8,f,0,0,0,0,0,0,
plate7,a,9,f,0,0,0,0,0,0,
plate7,a,10,f,1,0,1,1,0,0,
plate7,a,11,f,1,1,0,1,0,0,
plate7,a,12,f,0,0,0,0,0,0,
plate7,b,1,m,1,0,1,0,0,0,
plate7,b,2,m,0,0,0,0,0,0,
plate7,b,3,m,0,0,0,0,0,0,
plate7,b,4,m,0,0,0,0,0,0,
plate7,b,5,m,0,0,0,0,0,0,
plate7,b,6,m,0,0,0,0,0,0,
plate7,b,7,m,0,0,0,0,0,0,
plate7,b,8,m,0,0,0,0,0,0,
plate7,b,9,m,0,0,0,0,0,0,
plate7,b,10,m,0,0,0,0,0,0,
plate7,b,11,m,1,0,1,0,0,0,
plate7,b,12,m,0,0,0,0,0,0,
plate7,c,1,f,0,0,0,0,0,0,
plate7,c,2,f,0,0,0,0,0,0,
plate7,c,3,f,0,0,0,0,0,0,
plate7,c,4,f,0,0,0,0,0,0,
plate7,c,5,f,1,1,0,0,1,0,
plate7,c,6,f,0,0,0,0,0,0,
plate7,c,7,f,0,0,0,0,0,0,
plate7,c,8,f,0,0,0,0,0,0,
plate7,c,9,f,0,0,0,0,0,0,
plate7,c,10,f,0,0,0,0,0,0,
plate7,c,11,f,1,1,0,1,1,0,
plate7,c,12,f,0,0,0,0,0,0,
plate7,d,1,m,0,0,0,0,0,0,
plate7,d,2,m,0,0,0,0,0,0,
plate7,d,3,m,0,0,0,0,0,0,
plate7,d,4,m,1,1,0,1,1,0,
plate7,d,5,m,1,1,0,1,1,0,
plate7,d,6,m,0,0,0,0,0,0,
plate7,d,7,m,0,0,0,0,0,0,
plate7,d,8,m,1,1,0,0,0,0,
plate7,d,9,m,0,0,0,0,0,0,
plate7,d,10,m,0,0,0,0,0,0,
plate7,d,11,m,0,0,0,0,0,0,
plate7,d,12,m,1,1,0,0,1,0,
plate7,e,1,f,0,0,0,0,0,0,
plate7,e,2,f,0,0,0,0,0,0,
plate7,e,3,f,0,0,0,0,0,0,
plate7,e,4,f,0,0,0,0,0,0,
plate7,e,5,f,0,0,0,0,0,0,
plate7,e,6,f,0,0,0,0,0,0,
plate7,e,7,f,0,0,0,0,0,0,
plate7,e,8,f,0,0,0,0,0,0,
plate7,e,9,f,0,0,0,0,0,0,
plate7,e,10,f,1,1,0,0,0,0,
plate7,e,11,f,0,0,0,0,0,0,
plate7,e,12,f,0,0,0,0,0,0,
plate7,f,1,m,1,0,1,1,1,0,
plate7,f,2,m,0,0,0,0,0,0,
plate7,f,3,m,0,0,0,0,0,0,
plate7,f,4,m,0,0,0,0,0,0,
plate7,f,5,m,0,0,0,0,0,0,
plate7,f,6,m,0,0,0,0,0,0,
plate7,f,7,m,0,0,0,0,0,0,
plate7,f,8,m,0,0,0,0,0,0,
plate7,f,9,m,0,0,0,0,0,0,
plate7,f,10,m,1,0,1,0,1,0,
plate7,f,11,m,0,0,0,0,0,0,
plate7,f,12,m,0,0,0,0,0,0,
plate7,g,1,f,1,0,1,0,0,0,
plate7,g,2,f,0,0,0,0,0,0,
plate7,g,3,f,0,0,0,0,0,0,
plate7,g,4,f,0,0,0,0,0,0,
plate7,g,5,f,1,1,0,0,0,0,
plate7,g,6,f,0,0,0,0,0,0,
plate7,g,7,f,1,0,1,0,1,0,
plate7,g,8,f,0,0,0,0,0,0,
plate7,g,9,f,1,0,1,1,0,0,
plate7,g,10,f,0,0,0,0,0,0,
plate7,g,11,f,1,1,0,1,1,0,
plate7,g,12,f,1,1,0,1,0,0,
plate7,h,1,m,0,0,0,0,0,0,
plate7,h,2,m,0,0,0,0,0,0,
plate7,h,3,m,1,1,0,1,1,0,
plate7,h,4,m,1,0,1,0,0,0,
plate7,h,5,m,0,0,0,0,0,0,
plate7,h,6,m,0,0,0,0,0,0,
plate7,h,7,m,0,0,0,0,0,0,
plate7,h,8,m,0,0,0,0,0,0,
plate7,h,9,m,0,0,0,0,0,0,
plate7,h,10,m,0,0,0,0,0,0,
plate7,h,11,m,0,0,0,0,0,0,
plate7,h,12,m,0,0,0,0,0,0,
plate8,a,1,f,0,0,0,0,0,0,
plate8,a,2,f,1,1,0,1,1,0,
plate8,a,3,f,0,0,0,0,0,0,
plate8,a,4,f,0,0,0,0,0,0,
plate8,a,5,f,0,0,0,0,0,0,
plate8,a,6,f,1,1,0,1,0,0,
plate8,a,7,f,0,0,0,0,0,0,
plate8,a,8,f,0,0,0,0,0,0,
plate8,a,9,f,1,1,0,1,0,0,
plate8,a,10,f,0,0,0,0,0,0,
plate8,a,11,f,0,0,0,0,0,0,
plate8,a,12,f,0,0,0,0,0,0,
plate8,b,1,m,0,0,0,0,0,0,
plate8,b,2,m,0,0,0,0,0,0,
plate8,b,3,m,0,0,0,0,0,0,
plate8,b,4,m,0,0,0,0,0,0,
plate8,b,5,m,0,0,0,0,0,0,
plate8,b,6,m,0,0,0,0,0,0,
plate8,b,7,m,0,0,0,0,0,0,
plate8,b,8,m,0,0,0,0,0,0,
plate8,b,9,m,0,0,0,0,0,0,
plate8,b,10,m,1,0,1,1,0,0,
plate8,b,11,m,0,0,0,0,0,0,
plate8,b,12,m,0,0,0,0,0,0,
plate8,c,1,f,0,0,0,0,0,0,
plate8,c,2,f,0,0,0,0,1,0,
plate8,c,3,f,1,1,0,1,0,1,
plate8,c,4,f,0,0,0,0,0,0,
plate8,c,5,f,0,0,0,0,0,0,
plate8,c,6,f,0,0,0,0,0,0,
plate8,c,7,f,1,1,0,1,1,0,
plate8,c,8,f,0,0,0,0,0,0,
plate8,c,9,f,0,0,0,0,0,0,
plate8,c,10,f,0,0,0,0,0,0,
plate8,c,11,f,0,0,0,0,0,0,
plate8,c,12,f,0,0,0,0,0,0,
plate8,d,1,m,0,0,0,0,0,0,
plate8,d,2,m,0,0,0,0,0,0,
plate8,d,3,m,0,0,0,0,0,0,
plate8,d,4,m,0,0,0,0,0,0,
plate8,d,5,m,0,0,0,0,0,0,
plate8,d,6,m,0,0,0,0,0,0,
plate8,d,7,m,1,0,1,1,1,0,
plate8,d,8,m,0,0,0,0,0,0,
plate8,d,9,m,0,0,0,0,0,0,
plate8,d,10,m,0,0,0,0,0,0,
plate8,d,11,m,0,0,0,0,0,0,
plate8,d,12,m,0,0,0,0,0,0,
plate8,e,1,f,0,0,0,0,0,0,
plate8,e,2,f,0,0,0,0,0,0,
plate8,e,3,f,0,0,0,0,0,0,
plate8,e,4,f,0,0,0,0,0,0,
plate8,e,5,f,1,1,0,1,1,0,
plate8,e,6,f,0,0,0,0,0,0,
plate8,e,7,f,0,0,0,0,0,0,
plate8,e,8,f,0,0,0,0,0,0,
plate8,e,9,f,0,0,0,0,0,0,
plate8,e,10,f,0,0,0,0,0,0,
plate8,e,11,f,0,0,0,0,0,0,
plate8,e,12,f,0,0,0,0,0,0,
plate8,f,1,m,0,0,0,0,0,0,
plate8,f,2,m,1,0,1,1,0,1,
plate8,f,3,m,1,1,0,1,1,0,
plate8,f,4,m,0,0,0,0,0,0,
plate8,f,5,m,0,0,0,0,0,0,
plate8,f,6,m,0,0,0,0,0,0,
plate8,f,7,m,0,0,0,0,0,0,
plate8,f,8,m,0,0,0,0,0,0,
plate8,f,9,m,0,0,0,0,0,0,
plate8,f,10,m,0,0,0,0,0,0,
plate8,f,11,m,1,0,1,1,1,1,
plate8,f,12,m,0,0,0,0,0,0,
plate8,g,1,f,0,0,0,0,0,0,
plate8,g,2,f,1,0,1,1,0,0,
plate8,g,3,f,0,0,0,0,0,0,
plate8,g,4,f,0,0,0,0,0,0,
plate8,g,5,f,0,0,0,0,0,0,
plate8,g,6,f,1,1,0,0,0,0,
plate8,g,7,f,0,0,0,0,0,0,
plate8,g,8,f,0,0,0,0,0,0,
plate8,g,9,f,0,0,0,0,0,0,
plate8,g,10,f,0,0,0,0,0,0,
plate8,g,11,f,0,0,0,0,0,0,
plate8,g,12,f,1,0,1,0,0,0,
plate8,h,1,m,0,0,0,0,0,0,
plate8,h,2,m,0,0,0,0,0,0,
plate8,h,3,m,0,0,0,0,0,0,
plate8,h,4,m,0,0,0,0,0,0,
plate8,h,5,m,1,0,1,1,0,0,
plate8,h,6,m,0,0,0,0,0,0,
plate8,h,7,m,0,0,0,0,0,0,
plate8,h,8,m,0,0,0,0,0,0,
plate8,h,9,m,0,0,0,0,0,0,
plate8,h,10,m,0,0,0,0,0,0,
plate8,h,11,m,0,0,0,0,0,0,
plate8,h,12,m,1,0,1,1,0,0,
plate9,a,1,f,0,0,0,0,0,0,
plate9,a,2,f,0,0,0,0,0,0,
plate9,a,3,f,1,1,0,0,0,0,
plate9,a,4,f,0,0,0,0,0,0,
plate9,a,5,f,0,0,0,0,0,0,
plate9,a,6,f,0,0,0,0,0,0,
plate9,a,7,f,0,0,0,0,0,0,
plate9,a,8,f,0,0,0,0,0,0,
plate9,a,9,f,0,0,0,0,0,0,
plate9,a,10,f,0,0,0,0,0,0,
plate9,a,11,f,0,0,0,0,0,0,
plate9,a,12,f,0,0,0,0,0,0,
plate9,b,1,m,0,0,0,0,0,0,
plate9,b,2,m,0,0,0,0,0,0,
plate9,b,3,m,0,0,0,0,0,0,
plate9,b,4,m,0,0,0,0,0,0,
plate9,b,5,m,0,0,0,0,0,0,
plate9,b,6,m,0,0,0,0,0,0,
plate9,b,7,m,0,0,0,0,0,0,
plate9,b,8,m,0,0,0,0,0,0,
plate9,b,9,m,0,0,0,0,0,0,
plate9,b,10,m,1,0,1,1,1,0,
plate9,b,11,m,0,0,0,0,0,0,
plate9,b,12,m,1,0,1,0,0,0,
plate9,c,1,f,1,1,0,1,0,0,
plate9,c,2,f,1,1,0,1,0,0,
plate9,c,3,f,0,0,0,0,0,0,
plate9,c,4,f,0,0,0,0,0,0,
plate9,c,5,f,1,1,0,0,0,0,
plate9,c,6,f,0,0,0,0,0,0,
plate9,c,7,f,0,0,0,0,0,0,
plate9,c,8,f,0,0,0,0,0,0,
plate9,c,9,f,0,0,0,0,0,0,
plate9,c,10,f,0,0,0,0,0,0,
plate9,c,11,f,0,0,0,0,0,0,
plate9,c,12,f,0,0,0,0,0,0,
plate9,d,1,m,0,0,0,0,0,0,
plate9,d,2,m,0,0,0,0,0,0,
plate9,d,3,m,0,0,0,0,0,0,
plate9,d,4,m,0,0,0,0,0,0,
plate9,d,5,m,0,0,0,0,0,0,
plate9,d,6,m,0,0,0,0,0,0,
plate9,d,7,m,0,0,0,0,0,0,
plate9,d,8,m,1,1,0,0,1,0,
plate9,d,9,m,0,0,0,0,0,0,
plate9,d,10,m,0,0,0,0,0,0,
plate9,d,11,m,0,0,0,0,0,0,
plate9,d,12,m,0,0,0,0,0,0,
plate9,e,1,f,0,0,0,0,0,0,
plate9,e,2,f,0,0,0,0,0,0,
plate9,e,3,f,0,0,0,0,0,0,
plate9,e,4,f,0,0,0,0,0,0,
plate9,e,5,f,1,1,0,1,0,0,
plate9,e,6,f,0,0,0,0,0,0,
plate9,e,7,f,1,1,0,1,1,0,
plate9,e,8,f,0,0,0,0,0,0,
plate9,e,9,f,0,0,0,0,0,0,
plate9,e,10,f,1,1,0,1,1,0,
plate9,e,11,f,0,0,0,0,0,0,
plate9,e,12,f,1,0,1,0,0,0,
plate9,f,1,m,0,0,0,0,0,0,
plate9,f,2,m,0,0,0,0,0,0,
plate9,f,3,m,0,0,0,0,0,0,
plate9,f,4,m,1,1,0,0,1,0,
plate9,f,5,m,1,1,0,0,1,0,
plate9,f,6,m,0,0,0,0,0,0,
plate9,f,7,m,0,0,0,0,0,0,
plate9,f,8,m,0,0,0,0,0,0,
plate9,f,9,m,0,0,0,0,0,0,
plate9,f,10,m,0,0,0,0,0,0,
plate9,f,11,m,1,1,0,0,0,0,
plate9,f,12,m,0,0,0,0,0,0,
plate9,g,1,f,0,0,0,0,0,0,
plate9,g,2,f,0,0,0,0,0,0,
plate9,g,3,f,0,0,0,0,0,0,
plate9,g,4,f,0,0,0,0,0,0,
plate9,g,5,f,1,1,0,1,0,0,
plate9,g,6,f,1,0,1,0,0,0,
plate9,g,7,f,0,0,0,0,0,0,
plate9,g,8,f,0,0,0,0,0,0,
plate9,g,9,f,0,0,0,0,0,0,
plate9,g,10,f,1,1,0,1,1,0,
plate9,g,11,f,1,1,0,1,1,0,
plate9,g,12,f,1,1,0,1,1,0,
plate9,h,1,m,1,0,1,1,0,0,
plate9,h,2,m,0,0,0,0,0,0,
plate9,h,3,m,0,0,0,0,0,0,
plate9,h,4,m,0,0,0,0,0,0,
plate9,h,5,m,0,0,0,0,0,0,
plate9,h,6,m,0,0,0,0,0,0,
plate9,h,7,m,0,0,0,0,0,0,
plate9,h,8,m,0,0,0,0,0,0,
plate9,h,9,m,0,0,0,0,0,0,
plate9,h,10,m,0,0,0,0,0,0,
plate9,h,11,m,0,0,0,0,0,0,
plate9,h,12,m,1,1,0,1,1,0,
plate10,a,1,f,0,0,0,0,0,0,
plate10,a,2,f,0,0,0,0,0,0,
plate10,a,3,f,1,1,0,1,1,0,
plate10,a,4,f,1,1,0,1,0,0,
plate10,a,5,f,0,0,0,0,0,0,
plate10,a,6,f,0,0,0,0,0,0,
plate10,a,7,f,1,1,0,1,0,0,
plate10,a,8,f,0,0,0,0,0,0,
plate10,a,9,f,0,0,0,0,0,0,
plate10,a,10,f,0,0,0,0,0,0,
plate10,a,11,f,0,0,0,0,0,0,
plate10,a,12,f,0,0,0,0,0,0,
plate10,b,1,m,1,1,0,0,0,0,
plate10,b,2,m,0,0,0,0,0,0,
plate10,b,3,m,1,0,1,0,1,0,
plate10,b,4,m,1,1,0,0,0,0,
plate10,b,5,m,0,0,0,0,0,0,
plate10,b,6,m,0,0,0,0,0,0,
plate10,b,7,m,0,0,0,0,0,0,
plate10,b,8,m,0,0,0,0,0,0,
plate10,b,9,m,0,0,0,0,0,0,
plate10,b,10,m,0,0,0,0,0,0,
plate10,b,11,m,0,0,0,0,0,1,
plate10,b,12,m,1,1,0,1,1,0,
plate10,c,1,f,1,1,0,0,1,0,
plate10,c,2,f,0,0,0,0,0,0,
plate10,c,3,f,0,0,0,0,0,0,
plate10,c,4,f,1,1,0,1,1,0,
plate10,c,5,f,0,0,0,0,0,0,
plate10,c,6,f,0,0,0,0,0,0,
plate10,c,7,f,0,0,0,0,0,0,
plate10,c,8,f,0,0,0,0,0,0,
plate10,c,9,f,0,0,0,0,0,0,
plate10,c,10,f,0,0,0,0,0,0,
plate10,c,11,f,1,1,0,0,0,0,
plate10,c,12,f,0,0,0,0,0,0,
plate10,d,1,m,0,0,0,0,0,0,
plate10,d,2,m,0,0,0,0,0,0,
plate10,d,3,m,0,0,0,0,0,1,
plate10,d,4,m,0,0,0,0,0,0,
plate10,d,5,m,0,0,0,0,0,0,
plate10,d,6,m,0,0,0,0,0,0,
plate10,d,7,m,1,1,0,1,0,0,
plate10,d,8,m,0,0,0,0,0,0,
plate10,d,9,m,0,0,0,0,0,0,
plate10,d,10,m,0,0,0,0,0,0,
plate10,d,11,m,1,0,1,0,0,0,
plate10,d,12,m,0,0,0,0,0,0,
plate10,e,1,f,0,0,0,0,0,0,
plate10,e,2,f,0,0,0,0,0,0,
plate10,e,3,f,0,0,0,0,0,0,
plate10,e,4,f,1,1,0,0,0,0,
plate10,e,5,f,0,0,0,0,0,0,
plate10,e,6,f,0,0,0,0,0,0,
plate10,e,7,f,1,0,1,0,0,0,
plate10,e,8,f,1,0,1,0,0,0,
plate10,e,9,f,0,0,0,0,0,0,
plate10,e,10,f,0,0,0,0,0,0,
plate10,e,11,f,0,0,0,0,0,0,
plate10,e,12,f,1,0,1,0,0,0,
plate10,f,1,m,0,0,0,0,0,0,
plate10,f,2,m,1,0,1,0,0,0,
plate10,f,3,m,0,0,0,0,0,0,
plate10,f,4,m,0,0,0,0,0,0,
plate10,f,5,m,0,0,0,0,0,0,
plate10,f,6,m,0,0,0,0,0,0,
plate10,f,7,m,0,0,0,0,0,0,
plate10,f,8,m,0,0,0,0,0,0,
plate10,f,9,m,0,0,0,0,1,0,
plate10,f,10,m,1,0,1,1,0,0,
plate10,f,11,m,1,0,1,0,0,0,
plate10,f,12,m,0,0,0,0,0,0,
plate10,g,1,f,0,0,0,0,0,1,
plate10,g,2,f,1,1,0,1,0,0,
plate10,g,3,f,1,0,1,0,1,0,
plate10,g,4,f,0,0,0,0,0,0,
plate10,g,5,f,1,1,0,1,1,0,
plate10,g,6,f,0,0,0,0,0,0,
plate10,g,7,f,0,0,0,0,0,0,
plate10,g,8,f,0,0,0,0,0,0,
plate10,g,9,f,0,0,0,0,0,0,
plate10,g,10,f,0,0,0,0,0,0,
plate10,g,11,f,0,0,0,0,0,0,
plate10,g,12,f,0,0,0,0,0,0,
plate10,h,1,m,0,0,0,0,0,0,
plate10,h,2,m,0,0,0,0,0,0,
plate10,h,3,m,1,0,1,0,0,0,
plate10,h,4,m,0,0,0,0,0,1,
plate10,h,5,m,0,0,0,0,0,0,
plate10,h,6,m,1,0,1,0,0,0,
plate10,h,7,m,0,0,0,0,0,0,
plate10,h,8,m,1,1,0,0,1,0,
plate10,h,9,m,0,0,0,0,0,0,
plate10,h,10,m,0,0,0,0,0,0,
plate10,h,11,m,0,0,0,0,0,0,
plate10,h,12,m,0,0,0,0,0,0,
plate11,a,1,f,0,0,0,0,0,0,
plate11,a,2,f,0,0,0,0,0,0,
plate11,a,3,f,1,1,0,1,1,0,
plate11,a,4,f,0,0,0,0,0,0,
plate11,a,5,f,0,0,0,0,0,0,
plate11,a,6,f,0,0,0,0,0,0,
plate11,a,7,f,0,0,0,0,0,0,
plate11,a,8,f,0,0,0,0,0,0,
plate11,a,9,f,0,0,0,0,0,0,
plate11,a,10,f,0,0,0,0,0,0,
plate11,a,11,f,0,0,0,0,0,0,
plate11,a,12,f,1,1,0,0,0,0,
plate11,b,1,m,0,0,0,0,0,0,
plate11,b,2,m,1,1,0,0,0,0,
plate11,b,3,m,0,0,0,0,0,0,
plate11,b,4,m,0,0,0,0,0,0,
plate11,b,5,m,1,1,0,1,1,0,
plate11,b,6,m,0,0,0,0,0,0,
plate11,b,7,m,0,0,0,0,0,0,
plate11,b,8,m,0,0,0,0,0,0,
plate11,b,9,m,0,0,0,0,0,0,
plate11,b,10,m,1,0,1,0,0,0,
plate11,b,11,m,0,0,0,0,0,0,
plate11,b,12,m,0,0,0,0,0,0,
plate11,c,1,f,0,0,0,0,0,0,
plate11,c,2,f,0,0,0,0,0,0,
plate11,c,3,f,0,0,0,0,0,0,
plate11,c,4,f,0,0,0,0,0,0,
plate11,c,5,f,0,0,0,0,0,0,
plate11,c,6,f,1,0,1,0,0,0,
plate11,c,7,f,1,0,1,0,0,1,
plate11,c,8,f,0,0,0,0,0,0,
plate11,c,9,f,0,0,0,0,0,0,
plate11,c,10,f,0,0,0,0,0,0,
plate11,c,11,f,1,1,0,1,1,0,
plate11,c,12,f,0,0,0,0,1,0,
plate11,d,1,m,0,0,0,0,0,0,
plate11,d,2,m,0,0,0,0,0,0,
plate11,d,3,m,0,0,0,0,0,0,
plate11,d,4,m,0,0,0,0,0,0,
plate11,d,5,m,0,0,0,0,0,0,
plate11,d,6,m,0,0,0,0,0,0,
plate11,d,7,m,0,0,0,0,0,0,
plate11,d,8,m,0,0,0,0,0,0,
plate11,d,9,m,0,0,0,0,0,0,
plate11,d,10,m,0,0,0,0,0,0,
plate11,d,11,m,0,0,0,0,0,0,
plate11,d,12,m,0,0,0,0,0,0,
plate11,e,1,f,0,0,0,0,0,0,
plate11,e,2,f,1,1,0,1,1,0,
plate11,e,3,f,1,1,0,1,1,0,
plate11,e,4,f,0,0,0,0,0,0,
plate11,e,5,f,1,1,0,1,0,0,
plate11,e,6,f,1,1,0,1,0,0,
plate11,e,7,f,0,0,0,0,0,0,
plate11,e,8,f,0,0,0,0,0,0,
plate11,e,9,f,0,0,0,0,0,0,
plate11,e,10,f,0,0,0,0,0,0,
plate11,e,11,f,0,0,0,0,0,0,
plate11,e,12,f,0,0,0,0,0,0,
plate11,f,1,m,0,0,0,0,0,0,
plate11,f,2,m,1,1,0,0,1,0,
plate11,f,3,m,0,0,0,0,0,0,
plate11,f,4,m,0,0,0,0,0,0,
plate11,f,5,m,0,0,0,0,0,0,
plate11,f,6,m,0,0,0,0,0,0,
plate11,f,7,m,0,0,0,0,0,0,
plate11,f,8,m,0,0,0,0,0,0,
plate11,f,9,m,0,0,0,0,0,0,
plate11,f,10,m,0,0,0,0,0,0,
plate11,f,11,m,0,0,0,0,0,0,
plate11,f,12,m,0,0,0,0,0,0,
plate11,g,1,f,1,1,0,1,0,0,
plate11,g,2,f,0,0,0,0,0,0,
plate11,g,3,f,1,1,0,0,0,0,
plate11,g,4,f,1,1,0,1,0,0,
plate11,g,5,f,0,0,0,0,0,0,
plate11,g,6,f,0,0,0,0,0,0,
plate11,g,7,f,0,0,0,0,0,0,
plate11,g,8,f,0,0,0,0,0,0,
plate11,g,9,f,0,0,0,0,0,0,
plate11,g,10,f,0,0,0,0,0,0,
plate11,g,11,f,1,1,0,1,0,0,
plate11,g,12,f,0,0,0,0,0,0,
plate11,h,1,m,1,1,0,1,0,0,
plate11,h,2,m,0,0,0,0,0,0,
plate11,h,3,m,0,0,0,1,0,0,
plate11,h,4,m,0,0,0,0,0,0,
plate11,h,5,m,0,0,0,0,0,0,
plate11,h,6,m,0,0,0,0,0,0,
plate11,h,7,m,1,1,0,0,0,0,
plate11,h,8,m,0,0,0,0,0,0,
plate11,h,9,m,0,0,0,0,0,0,
plate11,h,10,m,0,0,0,0,0,0,
plate11,h,11,m,0,0,0,0,0,0,
plate11,h,12,m,0,0,0,0,0,0,
plate12,a,1,f,0,0,0,0,0,0,
plate12,a,2,f,0,0,0,0,0,0,
plate12,a,3,f,0,0,0,0,0,0,
plate12,a,4,f,0,0,0,0,0,0,
plate12,a,5,f,0,0,0,0,0,0,
plate12,a,6,f,1,0,1,0,1,0,
plate12,a,7,f,0,0,0,0,0,0,
plate12,a,8,f,1,1,0,1,1,0,
plate12,a,9,f,0,0,0,0,0,0,
plate12,a,10,f,0,0,0,0,0,0,
plate12,a,11,f,0,0,0,0,0,0,
plate12,a,12,f,0,0,0,0,0,0,
plate12,b,1,m,0,0,0,0,0,0,
plate12,b,2,m,0,0,0,0,0,0,
plate12,b,3,m,0,0,0,0,0,0,
plate12,b,4,m,0,0,0,0,0,0,
plate12,b,5,m,0,0,0,0,0,0,
plate12,b,6,m,1,0,1,1,0,0,
plate12,b,7,m,0,0,0,0,0,0,
plate12,b,8,m,0,0,0,0,0,0,
plate12,b,9,m,0,0,0,0,0,0,
plate12,b,10,m,0,0,0,0,0,0,
plate12,b,11,m,0,0,0,0,0,0,
plate12,b,12,m,0,0,0,0,0,0,
plate12,c,1,f,0,0,0,0,0,0,
plate12,c,2,f,0,0,0,0,0,0,
plate12,c,3,f,0,0,0,0,0,0,
plate12,c,4,f,0,0,0,0,0,0,
plate12,c,5,f,0,0,0,0,0,0,
plate12,c,6,f,0,0,0,0,0,0,
plate12,c,7,f,0,0,0,0,0,0,
plate12,c,8,f,0,0,0,0,0,0,
plate12,c,9,f,0,0,0,0,0,0,
plate12,c,10,f,0,0,0,0,0,0,
plate12,c,11,f,0,0,0,0,0,0,
plate12,c,12,f,0,0,0,0,0,0,
plate12,d,1,m,1,0,1,1,0,0,
plate12,d,2,m,0,0,0,0,0,0,
plate12,d,3,m,0,0,0,0,0,0,
plate12,d,4,m,0,0,0,0,0,0,
plate12,d,5,m,0,0,0,0,0,0,
plate12,d,6,m,0,0,0,0,0,0,
plate12,d,7,m,0,0,0,0,0,0,
plate12,d,8,m,0,0,0,0,0,0,
plate12,d,9,m,1,1,0,1,1,0,
plate12,d,10,m,0,0,0,0,0,0,
plate12,d,11,m,0,0,0,0,0,0,
plate12,d,12,m,0,0,0,0,0,0,
plate12,e,1,f,0,0,0,0,0,0,
plate12,e,2,f,1,0,1,0,0,0,
plate12,e,3,f,0,0,0,0,0,0,
plate12,e,4,f,1,1,0,1,1,0,
plate12,e,5,f,1,0,1,0,0,0,
plate12,e,6,f,1,1,0,1,0,0,
plate12,e,7,f,1,1,0,1,1,0,
plate12,e,8,f,0,0,0,0,0,0,
plate12,e,9,f,0,0,0,0,0,0,
plate12,e,10,f,0,0,0,0,0,0,
plate12,e,11,f,1,1,0,1,1,0,
plate12,e,12,f,0,0,0,0,0,0,
plate12,f,1,m,0,0,0,0,0,0,
plate12,f,2,m,0,0,0,0,0,0,
plate12,f,3,m,0,0,0,0,0,0,
plate12,f,4,m,0,0,0,0,0,0,
plate12,f,5,m,0,0,0,0,0,0,
plate12,f,6,m,0,0,0,0,0,0,
plate12,f,7,m,0,0,0,0,0,0,
plate12,f,8,m,0,0,0,0,0,0,
plate12,f,9,m,0,0,0,0,0,0,
plate12,f,10,m,0,0,0,0,0,0,
plate12,f,11,m,1,0,1,0,1,0,
plate12,f,12,m,0,0,0,0,0,0,
plate12,g,1,f,0,0,0,0,1,0,
plate12,g,2,f,1,1,0,0,1,0,
plate12,g,3,f,0,0,0,0,0,0,
plate12,g,4,f,0,0,0,0,0,0,
plate12,g,5,f,0,0,0,0,0,0,
plate12,g,6,f,0,0,0,0,0,0,
plate12,g,7,f,0,0,0,0,0,0,
plate12,g,8,f,0,0,0,0,0,0,
plate12,g,9,f,0,0,0,0,0,1,
plate12,g,10,f,1,0,1,1,0,0,
plate12,g,11,f,0,0,0,0,0,0,
plate12,g,12,f,0,0,0,0,0,0,
plate12,h,1,m,1,0,1,1,0,0,
plate12,h,2,m,1,0,1,1,0,0,
plate12,h,3,m,0,0,0,0,0,0,
plate12,h,4,m,0,0,0,0,0,0,
plate12,h,5,m,0,0,0,0,0,0,
plate12,h,6,m,0,0,0,0,0,0,
plate12,h,7,m,0,0,0,0,0,0,
plate12,h,8,m,0,0,0,0,0,0,
plate12,h,9,m,0,0,0,0,0,0,
plate12,h,10,m,0,0,0,0,0,0,
plate12,h,11,m,1,1,0,0,1,0,
plate12,h,12,m,0,0,0,0,0,0,
plate13,a,1,f,1,0,1,0,0,0,
plate13,a,2,f,0,0,0,0,0,0,
plate13,a,3,f,0,0,0,0,0,0,
plate13,a,4,f,0,0,0,0,0,0,
plate13,a,5,f,0,0,0,0,0,0,
plate13,a,6,f,0,0,0,0,0,0,
plate13,a,7,f,0,0,0,0,0,0,
plate13,a,8,f,1,1,0,1,1,0,
plate13,a,9,f,0,0,0,0,0,0,
plate13,a,10,f,1,1,0,0,0,0,
plate13,a,11,f,0,0,0,0,0,0,
plate13,a,12,f,1,0,1,1,1,0,
plate13,b,1,m,0,0,0,0,0,0,
plate13,b,2,m,0,0,0,0,0,0,
plate13,b,3,m,1,1,0,1,0,0,
plate13,b,4,m,0,0,0,0,0,0,
plate13,b,5,m,0,0,0,0,0,0,
plate13,b,6,m,0,0,0,0,0,0,
plate13,b,7,m,0,0,0,0,0,0,
plate13,b,8,m,0,0,0,0,0,0,
plate13,b,9,m,0,0,0,0,0,0,
plate13,b,10,m,0,0,0,0,0,0,
plate13,b,11,m,0,0,0,0,0,0,
plate13,b,12,m,0,0,0,0,0,0,
plate13,c,1,f,0,0,0,0,0,0,
plate13,c,2,f,0,0,0,0,0,1,
plate13,c,3,f,0,0,0,0,0,0,
plate13,c,4,f,1,0,1,0,0,0,
plate13,c,5,f,1,0,1,0,0,0,
plate13,c,6,f,0,0,0,0,0,0,
plate13,c,7,f,1,0,1,0,0,0,
plate13,c,8,f,1,1,0,1,1,0,
plate13,c,9,f,0,0,0,0,0,0,
plate13,c,10,f,1,0,1,0,0,0,
plate13,c,11,f,0,0,0,0,0,0,
plate13,c,12,f,0,0,0,0,0,0,
plate13,d,1,m,0,0,0,0,0,0,
plate13,d,2,m,0,0,0,0,0,0,
plate13,d,3,m,0,0,0,0,0,0,
plate13,d,4,m,0,0,0,0,0,0,
plate13,d,5,m,0,0,0,0,0,0,
plate13,d,6,m,0,0,0,0,0,0,
plate13,d,7,m,1,0,1,0,0,1,
plate13,d,8,m,0,0,0,0,0,0,
plate13,d,9,m,0,0,0,0,0,0,
plate13,d,10,m,0,0,0,0,0,0,
plate13,d,11,m,0,0,0,0,0,0,
plate13,d,12,m,0,0,0,0,0,0,
plate13,e,1,f,0,0,0,0,0,0,
plate13,e,2,f,0,0,0,0,0,0,
plate13,e,3,f,0,0,0,0,0,0,
plate13,e,4,f,1,1,0,1,1,0,
plate13,e,5,f,0,0,0,0,1,1,
plate13,e,6,f,0,0,0,0,0,1,
plate13,e,7,f,0,0,0,0,0,0,
plate13,e,8,f,0,0,0,0,0,0,
plate13,e,9,f,0,0,0,0,0,0,
plate13,e,10,f,0,0,0,0,1,0,
plate13,e,11,f,0,0,0,0,0,1,
plate13,e,12,f,0,0,0,0,0,0,
plate13,f,1,m,0,0,0,0,0,0,
plate13,f,2,m,1,1,0,1,1,0,
plate13,f,3,m,0,0,0,0,0,0,
plate13,f,4,m,1,1,0,1,0,0,
plate13,f,5,m,0,0,0,0,0,0,
plate13,f,6,m,0,0,0,0,0,0,
plate13,f,7,m,1,1,0,1,0,0,
plate13,f,8,m,0,0,0,0,1,0,
plate13,f,9,m,0,0,0,0,0,0,
plate13,f,10,m,0,0,0,0,0,0,
plate13,f,11,m,0,0,0,0,0,0,
plate13,f,12,m,0,0,0,0,0,0,
plate13,g,1,f,0,0,0,0,1,0,
plate13,g,2,f,0,0,0,0,0,0,
plate13,g,3,f,0,0,0,0,0,0,
plate13,g,4,f,0,0,0,0,0,0,
plate13,g,5,f,1,0,1,0,0,0,
plate13,g,6,f,1,1,0,1,1,0,
plate13,g,7,f,0,0,0,0,0,0,
plate13,g,8,f,1,1,0,1,1,0,
plate13,g,9,f,0,0,0,0,0,0,
plate13,g,10,f,0,0,0,0,0,0,
plate13,g,11,f,0,0,0,0,0,0,
plate13,g,12,f,0,0,0,0,0,0,
plate13,h,1,m,1,1,0,1,0,0,
plate13,h,2,m,1,1,0,0,1,1,
plate13,h,3,m,0,0,0,0,1,0,
plate13,h,4,m,1,1,0,0,0,0,
plate13,h,5,m,0,0,0,0,0,0,
plate13,h,6,m,0,0,0,0,0,0,
plate13,h,7,m,0,0,0,0,0,0,
plate13,h,8,m,0,0,0,0,0,0,
plate13,h,9,m,1,1,0,1,1,0,
plate13,h,10,m,1,1,0,0,0,0,
plate13,h,11,m,0,0,0,0,0,0,
plate13,h,12,m,0,0,0,0,0,0,
plate14,a,1,f,0,0,0,0,0,0,
plate14,a,2,f,0,0,0,0,0,0,
plate14,a,3,f,0,0,0,0,0,0,
plate14,a,4,f,0,0,0,0,0,0,
plate14,a,5,f,0,0,0,0,0,0,
plate14,a,6,f,0,0,0,0,0,0,
plate14,a,7,f,0,0,0,0,0,0,
plate14,a,8,f,1,0,1,0,0,0,
plate14,a,9,f,0,0,0,0,0,0,
plate14,a,10,f,0,0,0,0,0,0,
plate14,a,11,f,0,0,0,0,0,0,
plate14,a,12,f,0,0,0,0,0,0,
plate14,b,1,m,0,0,0,0,0,0,
plate14,b,2,m,1,0,1,1,1,0,
plate14,b,3,m,0,0,0,0,1,0,
plate14,b,4,m,1,1,0,1,1,0,
plate14,b,5,m,1,1,0,1,1,1,
plate14,b,6,m,1,1,0,1,0,0,
plate14,b,7,m,0,0,0,0,0,0,
plate14,b,8,m,0,0,0,0,0,0,
plate14,b,9,m,0,0,0,0,0,0,
plate14,b,10,m,0,0,0,0,0,0,
plate14,b,11,m,0,0,0,0,0,0,
plate14,b,12,m,0,0,0,0,0,0,
plate14,c,1,f,0,0,0,0,0,0,
plate14,c,2,f,1,0,1,0,0,0,
plate14,c,3,f,0,0,0,0,0,0,
plate14,c,4,f,0,0,0,0,0,0,
plate14,c,5,f,1,1,0,0,NA,0,
plate14,c,6,f,0,0,0,0,0,0,
plate14,c,7,f,0,0,0,0,0,0,
plate14,c,8,f,1,1,0,1,0,0,
plate14,c,9,f,0,0,0,1,0,1,
plate14,c,10,f,1,0,1,0,0,0,
plate14,c,11,f,0,0,0,0,0,0,
plate14,c,12,f,0,0,0,0,0,1,
plate14,d,1,m,0,0,0,0,0,0,
plate14,d,2,m,0,0,0,0,0,0,
plate14,d,3,m,0,0,0,0,0,0,
plate14,d,4,m,0,0,0,0,0,0,
plate14,d,5,m,0,0,0,0,0,0,
plate14,d,6,m,1,0,1,0,0,0,
plate14,d,7,m,0,0,0,0,0,0,
plate14,d,8,m,0,0,0,0,0,0,
plate14,d,9,m,1,0,1,0,0,0,
plate14,d,10,m,0,0,0,0,0,0,
plate14,d,11,m,0,0,0,0,0,0,
plate14,d,12,m,1,1,0,1,0,0,
plate14,e,1,f,0,0,0,0,0,0,
plate14,e,2,f,0,0,0,0,0,0,
plate14,e,3,f,0,0,0,0,1,0,
plate14,e,4,f,1,1,0,0,1,0,
plate14,e,5,f,1,1,0,1,1,0,
plate14,e,6,f,1,1,0,1,0,0,
plate14,e,7,f,0,0,0,0,0,0,
plate14,e,8,f,0,0,0,0,0,0,
plate14,e,9,f,0,0,0,0,0,0,
plate14,e,10,f,1,0,1,0,NA,0,
plate14,e,11,f,0,0,0,0,0,0,
plate14,e,12,f,0,0,0,0,0,0,
plate14,f,1,m,0,0,0,0,0,0,
plate14,f,2,m,0,0,0,0,0,0,
plate14,f,3,m,1,1,0,1,NA,0,
plate14,f,4,m,1,1,0,1,1,0,
plate14,f,5,m,0,0,0,0,0,0,
plate14,f,6,m,0,0,0,0,0,0,
plate14,f,7,m,0,0,0,0,0,0,
plate14,f,8,m,0,0,0,0,0,0,
plate14,f,9,m,1,1,0,0,0,0,
plate14,f,10,m,0,0,0,0,0,0,
plate14,f,11,m,0,0,0,0,0,0,
plate14,f,12,m,0,0,0,0,0,0,
plate14,g,1,f,0,0,0,0,0,0,
plate14,g,2,f,1,0,1,0,0,1,
plate14,g,3,f,0,0,0,0,0,0,
plate14,g,4,f,0,0,0,0,0,0,
plate14,g,5,f,1,0,1,1,1,0,
plate14,g,6,f,0,0,0,0,0,0,
plate14,g,7,f,0,0,0,0,0,0,
plate14,g,8,f,0,0,0,0,0,0,
plate14,g,9,f,1,1,0,1,0,1,
plate14,g,10,f,1,1,0,1,NA,0,
plate14,g,11,f,1,1,0,1,0,0,
plate14,g,12,f,0,0,0,0,0,0,
plate14,h,1,m,0,0,0,0,0,0,
plate14,h,2,m,0,0,0,0,0,0,
plate14,h,3,m,0,0,0,0,0,0,
plate14,h,4,m,1,0,1,1,1,0,
plate14,h,5,m,0,0,0,0,0,0,
plate14,h,6,m,1,1,0,1,1,1,
plate14,h,7,m,0,0,0,0,0,0,
plate14,h,8,m,1,1,0,1,0,0,
plate14,h,9,m,0,0,0,0,0,0,
plate14,h,10,m,0,0,0,0,0,0,
plate14,h,11,m,0,0,0,0,0,0,
plate14,h,12,m,0,0,0,0,0,0,
plate15,a,1,f,0,0,0,0,0,0,
plate15,a,2,f,1,0,1,0,0,0,
plate15,a,3,f,0,0,0,0,0,0,
plate15,a,4,f,0,0,0,0,0,0,
plate15,a,5,f,0,0,0,0,0,0,
plate15,a,6,f,0,0,0,0,0,0,
plate15,a,7,f,0,0,0,0,0,0,
plate15,a,8,f,1,1,0,1,0,0,
plate15,a,9,f,1,0,1,0,0,0,
plate15,a,10,f,1,0,1,0,0,1,
plate15,a,11,f,1,1,0,1,1,0,
plate15,a,12,f,0,0,0,0,0,0,
plate15,b,1,m,0,0,0,0,0,0,
plate15,b,2,m,0,0,0,0,0,0,
plate15,b,3,m,0,0,0,0,0,0,
plate15,b,4,m,0,0,0,0,0,0,
plate15,b,5,m,1,1,0,1,0,0,
plate15,b,6,m,0,0,0,0,0,0,
plate15,b,7,m,0,0,0,0,0,0,
plate15,b,8,m,0,0,0,0,0,0,
plate15,b,9,m,0,0,0,0,0,0,
plate15,b,10,m,0,0,0,0,0,0,
plate15,b,11,m,1,1,0,1,1,0,
plate15,b,12,m,0,0,0,0,0,0,
plate15,c,1,f,1,1,0,1,1,1,
plate15,c,2,f,0,0,0,0,0,0,
plate15,c,3,f,1,1,0,1,1,0,
plate15,c,4,f,0,0,0,0,0,0,
plate15,c,5,f,1,0,1,0,0,1,
plate15,c,6,f,0,0,0,0,0,1,
plate15,c,7,f,0,0,0,0,0,0,
plate15,c,8,f,0,0,0,0,0,0,
plate15,c,9,f,0,0,0,0,0,0,
plate15,c,10,f,0,0,0,0,0,0,
plate15,c,11,f,1,1,0,1,1,0,
plate15,c,12,f,0,0,0,0,0,0,
plate15,d,1,m,1,1,0,1,0,0,
plate15,d,2,m,0,0,0,0,0,0,
plate15,d,3,m,0,0,0,0,0,0,
plate15,d,4,m,0,0,0,0,0,0,
plate15,d,5,m,0,0,0,0,0,0,
plate15,d,6,m,0,0,0,0,0,0,
plate15,d,7,m,0,0,0,0,0,0,
plate15,d,8,m,0,0,0,0,0,0,
plate15,d,9,m,1,1,0,1,1,0,
plate15,d,10,m,0,0,0,0,0,0,
plate15,d,11,m,0,0,0,0,0,0,
plate15,d,12,m,1,0,1,1,1,0,
plate15,e,1,f,0,0,0,0,0,0,
plate15,e,2,f,0,0,0,0,0,0,
plate15,e,3,f,0,0,0,0,0,0,
plate15,e,4,f,0,0,0,0,0,0,
plate15,e,5,f,0,0,0,0,0,0,
plate15,e,6,f,1,1,0,1,1,0,
plate15,e,7,f,0,0,0,0,0,0,
plate15,e,8,f,0,0,0,0,0,0,
plate15,e,9,f,0,0,0,0,0,0,
plate15,e,10,f,0,0,0,0,0,0,
plate15,e,11,f,1,1,0,0,0,1,
plate15,e,12,f,1,1,0,1,1,0,
plate15,f,1,m,0,0,0,0,0,0,
plate15,f,2,m,0,0,0,0,0,0,
plate15,f,3,m,0,0,0,0,0,0,
plate15,f,4,m,0,0,0,0,0,0,
plate15,f,5,m,0,0,0,0,0,0,
plate15,f,6,m,0,0,0,0,0,0,
plate15,f,7,m,0,0,0,0,0,0,
plate15,f,8,m,1,1,0,1,0,0,
plate15,f,9,m,0,0,0,0,0,0,
plate15,f,10,m,0,0,0,0,0,0,
plate15,f,11,m,0,0,0,0,0,0,
plate15,f,12,m,0,0,0,0,0,0,
plate15,g,1,f,0,0,0,0,0,0,
plate15,g,2,f,0,0,0,0,0,0,
plate15,g,3,f,0,0,0,0,0,0,
plate15,g,4,f,0,0,0,0,0,0,
plate15,g,5,f,0,0,0,0,0,0,
plate15,g,6,f,0,0,0,0,0,0,
plate15,g,7,f,0,0,0,0,0,0,
plate15,g,8,f,1,0,1,0,0,0,
plate15,g,9,f,1,0,1,0,0,0,
plate15,g,10,f,1,0,1,0,0,0,
plate15,g,11,f,1,1,0,1,1,0,
plate15,g,12,f,0,0,0,0,0,0,
plate15,h,1,m,1,1,0,0,1,0,
plate15,h,2,m,1,1,0,1,0,0,
plate15,h,3,m,0,0,0,0,0,0,
plate15,h,4,m,0,0,0,0,1,0,
plate15,h,5,m,0,0,0,0,0,0,
plate15,h,6,m,0,0,0,0,0,0,
plate15,h,7,m,0,0,0,0,0,0,
plate15,h,8,m,1,1,0,1,0,0,
plate15,h,9,m,0,0,0,0,0,0,
plate15,h,10,m,0,0,0,0,0,0,
plate15,h,11,m,0,0,0,0,0,0,
plate15,h,12,m,0,0,0,0,0,0,
plate16,a,1,f,1,0,1,0,0,0,
plate16,a,2,f,0,0,0,0,0,0,
plate16,a,3,f,0,0,0,0,0,0,
plate16,a,4,f,0,0,0,0,0,0,
plate16,a,5,f,0,0,0,0,0,0,
plate16,a,6,f,1,0,1,0,0,0,
plate16,a,7,f,1,0,1,0,0,0,
plate16,a,8,f,1,0,1,0,0,0,
plate16,a,9,f,1,0,1,0,1,0,
plate16,a,10,f,1,1,0,1,0,0,
plate16,a,11,f,1,0,1,0,0,0,
plate16,a,12,f,0,0,0,0,0,0,
plate16,b,1,m,1,1,0,1,0,0,
plate16,b,2,m,0,0,0,0,0,0,
plate16,b,3,m,0,0,0,0,0,0,
plate16,b,4,m,0,0,0,0,0,0,
plate16,b,5,m,0,0,0,0,0,0,
plate16,b,6,m,0,0,0,0,0,0,
plate16,b,7,m,1,1,0,1,1,0,
plate16,b,8,m,0,0,0,0,0,0,
plate16,b,9,m,0,0,0,0,0,0,
plate16,b,10,m,0,0,0,0,0,0,
plate16,b,11,m,0,0,0,0,0,0,
plate16,b,12,m,0,0,0,0,0,0,
plate16,c,1,f,0,0,0,0,0,0,
plate16,c,2,f,0,0,0,0,0,0,
plate16,c,3,f,0,0,0,0,0,0,
plate16,c,4,f,1,1,0,1,0,0,
plate16,c,5,f,0,0,0,0,0,0,
plate16,c,6,f,0,0,0,0,0,0,
plate16,c,7,f,0,0,0,0,0,0,
plate16,c,8,f,1,0,1,0,0,0,
plate16,c,9,f,1,0,1,1,0,0,
plate16,c,10,f,0,0,0,0,0,0,
plate16,c,11,f,0,0,0,0,0,0,
plate16,c,12,f,0,0,0,0,0,0,
plate16,d,1,m,0,0,0,0,0,0,
plate16,d,2,m,0,0,0,0,0,0,
plate16,d,3,m,0,0,0,0,0,0,
plate16,d,4,m,0,0,0,0,0,0,
plate16,d,5,m,1,1,0,1,1,0,
plate16,d,6,m,0,0,0,0,0,0,
plate16,d,7,m,0,0,0,0,1,0,
plate16,d,8,m,0,0,0,0,0,0,
plate16,d,9,m,0,0,0,0,0,0,
plate16,d,10,m,0,0,0,0,0,0,
plate16,d,11,m,0,0,0,0,0,0,
plate16,d,12,m,0,0,0,0,0,0,
plate16,e,1,f,0,0,0,0,0,0,
plate16,e,2,f,0,0,0,0,0,0,
plate16,e,3,f,0,0,0,0,0,0,
plate16,e,4,f,0,0,0,0,0,0,
plate16,e,5,f,0,0,0,0,0,0,
plate16,e,6,f,1,1,0,1,0,0,
plate16,e,7,f,0,0,0,0,0,0,
plate16,e,8,f,0,0,0,0,0,0,
plate16,e,9,f,0,0,0,0,0,0,
plate16,e,10,f,0,0,0,0,0,0,
plate16,e,11,f,1,1,0,1,0,0,
plate16,e,12,f,1,0,1,0,1,0,
plate16,f,1,m,0,0,0,0,0,0,
plate16,f,2,m,0,0,0,0,0,0,
plate16,f,3,m,0,0,0,0,0,0,
plate16,f,4,m,1,0,1,1,1,0,
plate16,f,5,m,0,0,0,0,0,0,
plate16,f,6,m,0,0,0,0,0,0,
plate16,f,7,m,0,0,0,0,0,0,
plate16,f,8,m,0,0,0,0,0,0,
plate16,f,9,m,1,0,1,1,0,0,
plate16,f,10,m,0,0,0,0,0,0,
plate16,f,11,m,0,0,0,0,0,0,
plate16,f,12,m,0,0,0,0,0,0,
plate16,g,1,f,1,1,0,1,0,0,
plate16,g,2,f,1,1,0,1,0,0,
plate16,g,3,f,0,0,0,0,0,1,
plate16,g,4,f,0,0,0,0,0,0,
plate16,g,5,f,0,0,0,0,0,0,
plate16,g,6,f,1,1,0,1,0,0,
plate16,g,7,f,0,0,0,0,0,0,
plate16,g,8,f,1,0,1,1,1,1,
plate16,g,9,f,0,0,0,0,0,0,
plate16,g,10,f,0,0,0,0,0,0,
plate16,g,11,f,0,0,0,0,0,0,
plate16,g,12,f,0,0,0,0,1,1,
plate16,h,1,m,0,0,0,0,0,0,
plate16,h,2,m,1,1,0,0,1,0,
plate16,h,3,m,0,0,0,0,0,0,
plate16,h,4,m,0,0,0,0,0,0,
plate16,h,5,m,0,0,0,0,0,0,
plate16,h,6,m,0,0,0,0,0,0,
plate16,h,7,m,0,0,0,0,0,0,
plate16,h,8,m,1,0,1,0,0,0,
plate16,h,9,m,0,0,0,0,0,0,
plate16,h,10,m,0,0,0,0,0,0,
plate16,h,11,m,0,0,0,0,0,0,
plate16,h,12,m,0,0,0,0,0,0,
plate17,a,1,f,0,0,0,0,0,0,
plate17,a,2,f,1,0,1,0,0,0,
plate17,a,3,f,1,1,0,1,1,0,
plate17,a,4,f,0,0,0,0,0,0,
plate17,a,5,f,0,0,0,0,0,0,
plate17,a,6,f,0,0,0,0,0,0,
plate17,a,7,f,1,1,0,1,1,0,
plate17,a,8,f,1,1,0,1,0,0,
plate17,a,9,f,0,0,0,0,0,0,
plate17,a,10,f,0,0,0,0,0,0,
plate17,a,11,f,0,0,0,0,0,0,
plate17,a,12,f,1,1,0,1,1,0,
plate17,b,1,m,0,0,0,0,0,1,
plate17,b,2,m,0,0,0,0,0,0,
plate17,b,3,m,0,0,0,0,0,0,
plate17,b,4,m,0,0,0,0,0,0,
plate17,b,5,m,1,1,0,1,0,0,
plate17,b,6,m,0,0,0,0,0,0,
plate17,b,7,m,0,0,0,0,0,0,
plate17,b,8,m,0,0,0,0,0,0,
plate17,b,9,m,0,0,0,0,0,1,
plate17,b,10,m,0,0,0,0,0,0,
plate17,b,11,m,0,0,0,0,0,0,
plate17,b,12,m,0,0,0,0,0,0,
plate17,c,1,f,1,1,0,1,1,0,
plate17,c,2,f,0,0,0,0,0,0,
plate17,c,3,f,1,1,0,1,1,0,
plate17,c,4,f,1,1,0,1,1,0,
plate17,c,5,f,0,0,0,0,0,1,
plate17,c,6,f,0,0,0,0,0,0,
plate17,c,7,f,0,0,0,0,0,0,
plate17,c,8,f,1,0,1,0,1,0,
plate17,c,9,f,0,0,0,0,1,0,
plate17,c,10,f,0,0,0,0,0,0,
plate17,c,11,f,0,0,0,0,0,0,
plate17,c,12,f,0,0,0,0,0,0,
plate17,d,1,m,1,1,0,1,1,0,
plate17,d,2,m,0,0,0,0,0,0,
plate17,d,3,m,1,1,0,1,1,0,
plate17,d,4,m,0,0,0,0,NA,0,
plate17,d,5,m,0,0,0,0,0,0,
plate17,d,6,m,0,0,0,0,0,0,
plate17,d,7,m,1,0,1,0,0,0,
plate17,d,8,m,0,0,0,0,0,0,
plate17,d,9,m,1,0,1,1,1,0,
plate17,d,10,m,0,0,0,0,0,0,
plate17,d,11,m,1,1,0,1,1,0,
plate17,d,12,m,0,0,0,0,0,0,
plate17,e,1,f,0,0,0,0,0,0,
plate17,e,2,f,1,1,0,1,1,0,
plate17,e,3,f,0,0,0,0,0,1,
plate17,e,4,f,0,0,0,0,0,0,
plate17,e,5,f,0,0,0,0,0,0,
plate17,e,6,f,0,0,0,0,0,0,
plate17,e,7,f,0,0,0,0,0,0,
plate17,e,8,f,0,0,0,0,0,0,
plate17,e,9,f,0,0,0,0,0,0,
plate17,e,10,f,1,0,1,0,0,0,
plate17,e,11,f,0,0,0,0,0,0,
plate17,e,12,f,1,0,1,0,0,0,
plate17,f,1,m,0,0,0,0,0,0,
plate17,f,2,m,1,0,1,1,0,0,
plate17,f,3,m,0,0,0,0,0,0,
plate17,f,4,m,1,1,0,1,1,0,
plate17,f,5,m,1,0,1,0,0,0,
plate17,f,6,m,0,0,0,0,0,0,
plate17,f,7,m,0,0,0,0,0,0,
plate17,f,8,m,1,0,1,1,1,0,
plate17,f,9,m,0,0,0,0,0,0,
plate17,f,10,m,1,1,0,1,1,0,
plate17,f,11,m,1,1,0,1,1,0,
plate17,f,12,m,0,0,0,0,0,0,
plate17,g,1,f,0,0,0,0,0,0,
plate17,g,2,f,0,0,0,0,0,0,
plate17,g,3,f,0,0,0,0,0,1,
plate17,g,4,f,0,0,0,0,0,0,
plate17,g,5,f,0,0,0,0,0,0,
plate17,g,6,f,0,0,0,0,0,0,
plate17,g,7,f,0,0,0,0,0,0,
plate17,g,8,f,1,1,0,1,0,0,
plate17,g,9,f,0,0,0,0,0,0,
plate17,g,10,f,1,1,0,1,1,0,
plate17,g,11,f,0,0,0,0,0,0,
plate17,g,12,f,0,0,0,0,0,0,
plate17,h,1,m,0,0,0,0,0,0,
plate17,h,2,m,0,0,0,0,0,0,
plate17,h,3,m,0,0,0,0,0,0,
plate17,h,4,m,0,0,0,0,0,0,
plate17,h,5,m,0,0,0,0,0,0,
plate17,h,6,m,0,0,0,0,0,0,
plate17,h,7,m,0,0,0,0,0,0,
plate17,h,8,m,0,0,0,0,0,0,
plate17,h,9,m,0,0,0,0,0,0,
plate17,h,10,m,0,0,0,0,0,0,
plate17,h,11,m,0,0,0,0,0,0,
plate17,h,12,m,0,0,0,0,0,0,
plate18,a,1,m,0,0,0,0,0,0,
plate18,a,2,m,0,0,0,0,0,0,
plate18,a,3,m,0,0,0,0,0,0,
plate18,a,4,m,0,0,0,0,0,0,
plate18,a,5,m,0,0,0,0,0,0,
plate18,a,6,m,0,0,0,0,0,0,
plate18,a,7,m,0,0,0,0,0,0,
plate18,a,8,m,1,1,0,1,0,0,
plate18,a,9,m,0,0,0,0,0,0,
plate18,a,10,m,0,0,0,0,0,0,
plate18,a,11,m,0,0,0,0,0,0,
plate18,a,12,m,0,0,0,0,0,0,
plate18,b,1,f,0,0,0,0,0,0,
plate18,b,2,f,1,1,0,1,1,0,
plate18,b,3,f,0,0,0,0,0,0,
plate18,b,4,f,0,0,0,0,0,0,
plate18,b,5,f,1,0,1,1,0,0,
plate18,b,6,f,0,0,0,0,0,0,
plate18,b,7,f,0,0,0,0,0,0,
plate18,b,8,f,1,1,0,1,1,0,
plate18,b,9,f,0,0,0,0,0,0,
plate18,b,10,f,0,0,0,0,0,0,
plate18,b,11,f,0,0,0,0,0,0,
plate18,b,12,f,1,1,0,1,0,0,
plate18,c,1,f,0,0,0,0,0,0,
plate18,c,2,f,0,0,0,0,0,0,
plate18,c,3,f,1,0,1,0,0,0,
plate18,c,4,f,1,1,0,1,1,0,
plate18,c,5,f,1,1,0,1,0,0,
plate18,c,6,f,0,0,0,0,0,0,
plate18,c,7,f,0,0,0,0,0,0,
plate18,c,8,f,0,0,0,0,0,0,
plate18,c,9,f,1,1,0,0,1,0,
plate18,c,10,f,0,0,0,0,0,0,
plate18,c,11,f,1,1,0,0,0,0,
plate18,c,12,f,0,0,0,0,0,0,
plate18,d,1,m,0,0,0,0,0,0,
plate18,d,2,m,0,0,0,0,0,0,
plate18,d,3,m,0,0,0,0,0,0,
plate18,d,4,m,0,0,0,0,0,0,
plate18,d,5,m,0,0,0,0,0,0,
plate18,d,6,m,0,0,0,0,0,0,
plate18,d,7,m,0,0,0,0,0,0,
plate18,d,8,m,0,0,0,0,0,0,
plate18,d,9,m,0,0,0,0,0,0,
plate18,d,10,m,0,0,0,0,0,0,
plate18,d,11,m,0,0,0,0,0,0,
plate18,d,12,m,0,0,0,0,0,0,
plate18,e,1,f,0,0,0,0,0,0,
plate18,e,2,f,0,0,0,0,0,1,
plate18,e,3,f,0,0,0,0,0,0,
plate18,e,4,f,1,0,1,0,0,0,
plate18,e,5,f,0,0,0,0,0,0,
plate18,e,6,f,0,0,0,0,0,0,
plate18,e,7,f,1,0,1,0,0,0,
plate18,e,8,f,0,0,0,0,0,0,
plate18,e,9,f,0,0,0,0,0,0,
plate18,e,10,f,0,0,0,0,0,0,
plate18,e,11,f,0,0,0,0,0,0,
plate18,e,12,f,0,0,0,0,0,0,
plate18,f,1,m,0,0,0,0,0,0,
plate18,f,2,m,0,0,0,0,0,0,
plate18,f,3,m,0,0,0,0,0,0,
plate18,f,4,m,0,0,0,0,0,0,
plate18,f,5,m,0,0,0,0,0,0,
plate18,f,6,m,0,0,0,0,1,0,
plate18,f,7,m,0,0,0,0,0,0,
plate18,f,8,m,0,0,0,0,0,0,
plate18,f,9,m,0,0,0,0,0,0,
plate18,f,10,m,0,0,0,0,0,0,
plate18,f,11,m,0,0,0,0,0,0,
plate18,f,12,m,0,0,0,0,0,0,
plate18,g,1,f,1,1,0,1,1,0,
plate18,g,2,f,0,0,0,0,0,0,
plate18,g,3,f,1,0,1,0,0,0,
plate18,g,4,f,0,0,0,0,0,0,
plate18,g,5,f,0,0,0,0,0,0,
plate18,g,6,f,1,1,0,1,1,0,
plate18,g,7,f,0,0,0,0,0,0,
plate18,g,8,f,1,0,1,0,0,0,
plate18,g,9,f,0,0,0,0,0,0,
plate18,g,10,f,0,0,0,0,0,0,
plate18,g,11,f,0,0,0,0,0,0,
plate18,g,12,f,0,0,0,0,0,0,
plate18,h,1,m,0,0,0,0,0,0,
plate18,h,2,m,1,0,1,0,0,0,
plate18,h,3,m,0,0,0,0,0,0,
plate18,h,4,m,0,0,0,0,0,0,
plate18,h,5,m,0,0,0,0,0,0,
plate18,h,6,m,0,0,0,0,0,0,
plate18,h,7,m,0,0,0,0,0,0,
plate18,h,8,m,0,0,0,0,0,0,
plate18,h,9,m,0,0,0,0,0,0,
plate18,h,10,m,0,0,0,0,0,0,
plate18,h,11,m,0,0,0,0,0,0,
plate18,h,12,m,0,0,0,0,0,0,
plate19,a,1,f,1,1,0,1,1,0,
plate19,a,2,f,1,0,1,0,0,0,
plate19,a,3,f,0,0,0,0,0,0,
plate19,a,4,f,0,0,0,0,0,0,
plate19,a,5,f,1,1,0,1,1,0,
plate19,a,6,f,1,0,1,0,0,0,
plate19,a,7,f,1,1,0,1,1,0,
plate19,a,8,f,0,0,0,0,0,0,
plate19,a,9,f,0,0,0,0,0,0,
plate19,a,10,f,0,0,0,0,0,0,
plate19,a,11,f,0,0,0,0,0,0,
plate19,a,12,f,1,1,0,1,0,0,
plate19,b,1,m,0,0,0,0,0,0,
plate19,b,2,m,0,0,0,0,0,0,
plate19,b,3,m,0,0,0,0,0,0,
plate19,b,4,m,0,0,0,0,0,0,
plate19,b,5,m,0,0,0,0,0,0,
plate19,b,6,m,0,0,0,0,0,0,
plate19,b,7,m,0,0,0,0,0,0,
plate19,b,8,m,0,0,0,0,0,0,
plate19,b,9,m,0,0,0,0,0,0,
plate19,b,10,m,1,0,1,1,0,0,
plate19,b,11,m,0,0,0,0,0,0,
plate19,b,12,m,0,0,0,0,0,0,
plate19,c,1,f,0,0,0,0,0,0,
plate19,c,2,f,0,0,0,0,0,0,
plate19,c,3,f,1,0,1,0,0,0,
plate19,c,4,f,0,0,0,0,0,0,
plate19,c,5,f,0,0,0,0,0,0,
plate19,c,6,f,0,0,0,0,0,0,
plate19,c,7,f,0,0,0,0,0,0,
plate19,c,8,f,0,0,0,0,0,0,
plate19,c,9,f,0,0,0,0,0,0,
plate19,c,10,f,0,0,0,0,0,0,
plate19,c,11,f,0,0,0,0,0,0,
plate19,c,12,f,0,0,0,0,0,0,
plate19,d,1,m,0,0,0,0,0,0,
plate19,d,2,m,1,1,0,0,0,0,
plate19,d,3,m,0,0,0,0,0,0,
plate19,d,4,m,0,0,0,0,0,0,
plate19,d,5,m,0,0,0,0,0,0,
plate19,d,6,m,0,0,0,0,0,0,
plate19,d,7,m,0,0,0,0,0,0,
plate19,d,8,m,0,0,0,0,0,0,
plate19,d,9,m,0,0,0,0,0,0,
plate19,d,10,m,0,0,0,0,0,0,
plate19,d,11,m,1,1,0,1,1,0,
plate19,d,12,m,1,1,0,1,0,0,
plate19,e,1,f,0,0,0,0,1,0,
plate19,e,2,f,0,0,0,0,0,0,
plate19,e,3,f,0,0,0,0,0,0,
plate19,e,4,f,0,0,0,0,0,0,
plate19,e,5,f,1,1,0,1,1,0,
plate19,e,6,f,0,0,0,0,0,1,
plate19,e,7,f,1,0,1,0,0,0,
plate19,e,8,f,1,1,0,0,1,0,
plate19,e,9,f,0,0,0,0,0,0,
plate19,e,10,f,0,0,0,0,0,0,
plate19,e,11,f,0,0,0,0,0,0,
plate19,e,12,f,0,0,0,0,0,0,
plate19,f,1,m,1,1,0,1,1,0,
plate19,f,2,m,1,1,0,1,1,0,
plate19,f,3,m,1,0,1,1,1,0,
plate19,f,4,m,0,0,0,0,0,0,
plate19,f,5,m,0,0,0,0,0,0,
plate19,f,6,m,0,0,0,0,0,0,
plate19,f,7,m,1,0,1,0,NA,0,
plate19,f,8,m,0,0,0,0,0,1,
plate19,f,9,m,0,0,0,0,0,0,
plate19,f,10,m,0,0,0,0,0,0,
plate19,f,11,m,0,0,0,0,0,1,
plate19,f,12,m,1,1,0,1,0,0,
plate19,g,1,f,0,0,0,0,0,0,
plate19,g,2,f,0,0,0,0,0,0,
plate19,g,3,f,1,1,0,1,1,0,
plate19,g,4,f,0,0,0,0,0,1,
plate19,g,5,f,0,0,0,0,0,0,
plate19,g,6,f,1,1,0,1,1,0,
plate19,g,7,f,0,0,0,0,0,0,
plate19,g,8,f,0,0,0,0,0,0,
plate19,g,9,f,0,0,0,0,0,0,
plate19,g,10,f,1,1,0,1,1,0,
plate19,g,11,f,0,0,0,0,0,0,
plate19,g,12,f,1,1,0,1,0,0,
plate19,h,1,m,1,1,0,1,1,0,
plate19,h,2,m,0,0,0,0,0,0,
plate19,h,3,m,1,0,1,1,0,0,
plate19,h,4,m,0,0,0,0,0,0,
plate19,h,5,m,0,0,0,0,0,0,
plate19,h,6,m,0,0,0,0,0,0,
plate19,h,7,m,0,0,0,0,0,0,
plate19,h,8,m,0,0,0,0,0,0,
plate19,h,9,m,0,0,0,0,0,0,
plate19,h,10,m,0,0,0,0,0,0,
plate19,h,11,m,0,0,0,0,0,0,
plate19,h,12,m,0,0,0,0,0,0,
plate20,a,1,f,0,0,0,0,0,0,
plate20,a,2,f,0,0,0,0,0,0,
plate20,a,3,f,0,0,0,0,0,0,
plate20,a,4,f,0,0,0,0,0,0,
plate20,a,5,f,0,0,0,0,0,0,
plate20,a,6,f,0,0,0,0,0,0,
plate20,a,7,f,0,0,0,0,0,0,
plate20,a,8,f,0,0,0,0,0,0,
plate20,a,9,f,0,0,0,0,1,0,
plate20,a,10,f,0,0,0,0,0,0,
plate20,a,11,f,0,0,0,0,0,0,
plate20,a,12,f,0,0,0,0,0,0,
plate20,b,1,m,1,1,0,1,1,0,
plate20,b,2,m,0,0,0,0,0,0,
plate20,b,3,m,1,0,1,0,0,0,
plate20,b,4,m,0,0,0,0,0,0,
plate20,b,5,m,0,0,0,0,0,0,
plate20,b,6,m,0,0,0,0,0,0,
plate20,b,7,m,1,1,0,1,0,0,
plate20,b,8,m,1,1,0,1,1,0,
plate20,b,9,m,0,0,0,0,0,0,
plate20,b,10,m,1,1,0,1,1,0,
plate20,b,11,m,0,0,0,0,0,0,
plate20,b,12,m,1,0,1,0,0,0,
plate20,c,1,f,0,0,0,0,0,0,
plate20,c,2,f,0,0,0,0,0,0,
plate20,c,3,f,0,0,0,0,0,0,
plate20,c,4,f,0,0,0,0,0,0,
plate20,c,5,f,0,0,0,0,0,0,
plate20,c,6,f,0,0,0,0,0,0,
plate20,c,7,f,0,0,0,0,0,0,
plate20,c,8,f,1,1,0,0,0,0,
plate20,c,9,f,0,0,0,0,0,1,
plate20,c,10,f,0,0,0,0,0,0,
plate20,c,11,f,0,0,0,0,0,0,
plate20,c,12,f,0,0,0,0,0,0,
plate20,d,1,m,1,1,0,1,1,0,
plate20,d,2,m,0,0,0,0,0,0,
plate20,d,3,m,0,0,0,0,0,0,
plate20,d,4,m,0,0,0,0,0,0,
plate20,d,5,m,1,0,1,0,0,1,
plate20,d,6,m,0,0,0,0,0,0,
plate20,d,7,m,0,0,0,0,0,1,
plate20,d,8,m,0,0,0,0,0,0,
plate20,d,9,m,0,0,0,0,0,0,
plate20,d,10,m,0,0,0,0,0,0,
plate20,d,11,m,1,0,1,1,1,1,
plate20,d,12,m,0,0,0,0,0,0,
plate20,e,1,f,0,0,0,0,0,0,
plate20,e,2,f,0,0,0,0,0,0,
plate20,e,3,f,1,1,0,1,0,0,
plate20,e,4,f,0,0,0,0,0,0,
plate20,e,5,f,0,0,0,0,0,0,
plate20,e,6,f,0,0,0,0,0,0,
plate20,e,7,f,0,0,0,0,0,0,
plate20,e,8,f,0,0,0,0,0,0,
plate20,e,9,f,1,0,1,0,0,0,
plate20,e,10,f,0,0,0,0,0,0,
plate20,e,11,f,1,0,1,0,0,0,
plate20,e,12,f,0,0,0,0,0,0,
plate20,f,1,m,1,1,0,0,0,0,
plate20,f,2,m,0,0,0,0,0,0,
plate20,f,3,m,1,1,0,1,1,0,
plate20,f,4,m,0,0,0,0,0,0,
plate20,f,5,m,0,0,0,0,0,0,
plate20,f,6,m,0,0,0,0,0,0,
plate20,f,7,m,1,1,0,0,0,0,
plate20,f,8,m,0,0,0,0,0,0,
plate20,f,9,m,0,0,0,0,0,0,
plate20,f,10,m,0,0,0,0,0,0,
plate20,f,11,m,0,0,0,0,0,0,
plate20,f,12,m,0,0,0,0,0,0,
plate20,g,1,f,0,0,0,0,0,0,
plate20,g,2,f,0,0,0,0,0,0,
plate20,g,3,f,0,0,0,0,0,0,
plate20,g,4,f,0,0,0,0,0,0,
plate20,g,5,f,0,0,0,0,0,0,
plate20,g,6,f,0,0,0,0,0,0,
plate20,g,7,f,0,0,0,0,0,0,
plate20,g,8,f,0,0,0,0,0,0,
plate20,g,9,f,0,0,0,0,0,0,
plate20,g,10,f,0,0,0,0,0,0,
plate20,g,11,f,0,0,0,0,0,0,
plate20,g,12,f,1,1,0,1,0,0,
plate20,h,1,m,0,0,0,0,0,0,
plate20,h,2,m,0,0,0,0,0,0,
plate20,h,3,m,0,0,0,0,0,0,
plate20,h,4,m,0,0,0,0,0,0,
plate20,h,5,m,1,1,0,0,0,0,
plate20,h,6,m,0,0,0,0,0,0,
plate20,h,7,m,1,1,0,1,0,0,
plate20,h,8,m,0,0,0,0,0,0,
plate20,h,9,m,1,0,1,0,0,0,
plate20,h,10,m,1,1,0,1,NA,1,
plate20,h,11,m,0,0,0,0,0,0,
plate20,h,12,m,0,0,0,0,0,0,
plate21,a,1,f,0,0,0,0,0,0,
plate21,a,2,f,0,0,0,0,0,0,
plate21,a,3,f,0,0,0,0,0,0,
plate21,a,4,f,0,0,0,0,0,0,
plate21,a,5,f,0,0,0,0,0,0,
plate21,a,6,f,0,0,0,0,0,0,
plate21,a,7,f,0,0,0,0,0,0,
plate21,a,8,f,0,0,0,0,0,0,
plate21,a,9,f,0,0,0,0,0,0,
plate21,a,10,f,1,0,1,0,0,0,
plate21,a,11,f,0,0,0,0,0,0,
plate21,a,12,f,0,0,0,0,0,0,
plate21,b,1,m,0,0,0,0,0,0,
plate21,b,2,m,0,0,0,0,0,0,
plate21,b,3,m,0,0,0,0,0,0,
plate21,b,4,m,0,0,0,0,0,0,
plate21,b,5,m,0,0,0,0,0,0,
plate21,b,6,m,0,0,0,0,0,0,
plate21,b,7,m,0,0,0,0,0,0,
plate21,b,8,m,0,0,0,0,0,0,
plate21,b,9,m,0,0,0,0,0,0,
plate21,b,10,m,0,0,0,0,0,0,
plate21,b,11,m,0,0,0,0,0,0,
plate21,b,12,m,0,0,0,0,0,0,
plate21,c,1,f,0,0,0,0,0,0,
plate21,c,2,f,0,0,0,0,0,0,
plate21,c,3,f,0,0,0,0,0,0,
plate21,c,4,f,0,0,0,0,0,0,
plate21,c,5,f,1,1,0,1,1,0,
plate21,c,6,f,0,0,0,0,0,0,
plate21,c,7,f,0,0,0,0,0,0,
plate21,c,8,f,0,0,0,0,0,0,
plate21,c,9,f,0,0,0,0,0,0,
plate21,c,10,f,0,0,0,0,0,0,
plate21,c,11,f,1,0,1,1,0,1,
plate21,c,12,f,0,0,0,0,0,0,
plate21,d,1,m,0,0,0,0,0,0,
plate21,d,2,m,0,0,0,0,0,0,
plate21,d,3,m,1,1,0,1,1,0,
plate21,d,4,m,0,0,0,0,0,0,
plate21,d,5,m,0,0,0,0,0,0,
plate21,d,6,m,0,0,0,0,0,0,
plate21,d,7,m,1,0,1,1,0,0,
plate21,d,8,m,0,0,0,0,0,0,
plate21,d,9,m,0,0,0,0,0,0,
plate21,d,10,m,0,0,0,0,0,0,
plate21,d,11,m,1,1,0,1,1,0,
plate21,d,12,m,0,0,0,0,0,0,
plate21,e,1,f,1,0,1,1,1,0,
plate21,e,2,f,0,0,0,0,0,0,
plate21,e,3,f,0,0,0,0,0,0,
plate21,e,4,f,1,0,1,0,0,0,
plate21,e,5,f,0,0,0,0,0,0,
plate21,e,6,f,0,0,0,0,0,0,
plate21,e,7,f,0,0,0,0,0,0,
plate21,e,8,f,0,0,0,0,0,0,
plate21,e,9,f,0,0,0,0,0,0,
plate21,e,10,f,1,1,0,1,1,0,
plate21,e,11,f,0,0,0,0,0,0,
plate21,e,12,f,0,0,0,0,0,0,
plate21,f,1,m,0,0,0,0,0,0,
plate21,f,2,m,0,0,0,0,0,0,
plate21,f,3,m,0,0,0,0,0,0,
plate21,f,4,m,0,0,0,0,0,1,
plate21,f,5,m,0,0,0,0,0,0,
plate21,f,6,m,0,0,0,0,0,0,
plate21,f,7,m,0,0,0,0,0,0,
plate21,f,8,m,1,0,1,0,0,0,
plate21,f,9,m,0,0,0,0,0,0,
plate21,f,10,m,0,0,0,0,0,0,
plate21,f,11,m,0,0,0,0,0,0,
plate21,f,12,m,0,0,0,0,0,0,
plate21,g,1,f,0,0,0,0,0,0,
plate21,g,2,f,0,0,0,0,0,0,
plate21,g,3,f,0,0,0,0,0,0,
plate21,g,4,f,0,0,0,0,0,0,
plate21,g,5,f,0,0,0,0,0,0,
plate21,g,6,f,0,0,0,0,0,0,
plate21,g,7,f,1,0,1,0,0,0,
plate21,g,8,f,1,0,1,1,1,0,
plate21,g,9,f,1,1,0,1,0,0,
plate21,g,10,f,0,0,0,0,0,0,
plate21,g,11,f,0,0,0,0,0,0,
plate21,g,12,f,0,0,0,0,0,0,
plate21,h,1,m,0,0,0,0,0,0,
plate21,h,2,m,0,0,0,0,0,0,
plate21,h,3,m,0,0,0,0,0,0,
plate21,h,4,m,0,0,0,0,0,0,
plate21,h,5,m,1,1,0,1,NA,0,
plate21,h,6,m,0,0,0,0,0,0,
plate21,h,7,m,1,1,0,1,1,1,
plate21,h,8,m,0,0,0,0,0,0,
plate21,h,9,m,0,0,0,0,0,0,
plate21,h,10,m,0,0,0,0,0,0,
plate21,h,11,m,0,0,0,0,0,0,
plate21,h,12,m,0,0,0,0,0,0,
plate22,a,1,f,0,0,0,0,0,0,
plate22,a,2,f,0,0,0,0,0,0,
plate22,a,3,f,0,0,0,0,0,0,
plate22,a,4,f,0,0,0,0,0,0,
plate22,a,5,f,1,0,1,0,0,0,
plate22,a,6,f,0,0,0,0,0,0,
plate22,a,7,f,0,0,0,0,0,0,
plate22,a,8,f,0,0,0,0,0,0,
plate22,a,9,f,0,0,0,0,0,0,
plate22,a,10,f,0,0,0,0,1,0,
plate22,a,11,f,1,1,0,1,1,0,
plate22,a,12,f,0,0,0,0,0,1,
plate22,b,1,m,0,0,0,0,0,0,
plate22,b,2,m,0,0,0,0,0,0,
plate22,b,3,m,0,0,0,0,0,0,
plate22,b,4,m,0,0,0,0,0,0,
plate22,b,5,m,0,0,0,0,0,0,
plate22,b,6,m,0,0,0,0,0,0,
plate22,b,7,m,0,0,0,0,0,0,
plate22,b,8,m,0,0,0,0,0,0,
plate22,b,9,m,0,0,0,0,1,1,
plate22,b,10,m,0,0,0,0,0,0,
plate22,b,11,m,0,0,0,0,0,0,
plate22,b,12,m,0,0,0,0,0,0,
plate22,c,1,f,1,1,0,1,1,0,
plate22,c,2,f,0,0,0,0,0,0,
plate22,c,3,f,0,0,0,0,0,0,
plate22,c,4,f,1,0,1,1,1,0,
plate22,c,5,f,1,1,0,1,1,0,
plate22,c,6,f,1,0,1,0,0,1,
plate22,c,7,f,1,0,1,0,0,0,
plate22,c,8,f,0,0,0,0,0,0,
plate22,c,9,f,0,0,0,0,0,1,
plate22,c,10,f,0,0,0,0,0,0,
plate22,c,11,f,1,1,0,0,1,0,
plate22,c,12,f,0,0,0,0,0,0,
plate22,d,1,m,0,0,0,0,0,0,
plate22,d,2,m,0,0,0,0,0,0,
plate22,d,3,m,0,0,0,0,0,0,
plate22,d,4,m,0,0,0,0,0,0,
plate22,d,5,m,1,0,1,1,1,0,
plate22,d,6,m,0,0,0,0,0,0,
plate22,d,7,m,0,0,0,0,0,0,
plate22,d,8,m,0,0,0,0,0,0,
plate22,d,9,m,0,0,0,0,0,0,
plate22,d,10,m,0,0,0,0,0,0,
plate22,d,11,m,0,0,0,0,0,0,
plate22,d,12,m,1,1,0,0,0,1,
plate22,e,1,f,1,1,0,1,1,0,
plate22,e,2,f,0,0,0,0,0,0,
plate22,e,3,f,0,0,0,0,0,1,
plate22,e,4,f,0,0,0,0,0,0,
plate22,e,5,f,0,0,0,0,0,0,
plate22,e,6,f,1,1,0,1,0,0,
plate22,e,7,f,1,1,0,1,1,0,
plate22,e,8,f,0,0,0,0,0,0,
plate22,e,9,f,0,0,0,0,0,0,
plate22,e,10,f,0,0,0,0,0,0,
plate22,e,11,f,0,0,0,0,0,0,
plate22,e,12,f,0,0,0,0,0,0,
plate22,f,1,m,0,0,0,0,0,0,
plate22,f,2,m,0,0,0,0,0,0,
plate22,f,3,m,0,0,0,0,0,0,
plate22,f,4,m,0,0,0,0,0,0,
plate22,f,5,m,0,0,0,0,0,0,
plate22,f,6,m,0,0,0,0,0,0,
plate22,f,7,m,1,1,0,0,0,0,
plate22,f,8,m,0,0,0,0,0,0,
plate22,f,9,m,1,1,0,1,1,0,
plate22,f,10,m,0,0,0,0,0,0,
plate22,f,11,m,0,0,0,0,0,0,
plate22,f,12,m,0,0,0,0,0,0,
plate22,g,1,f,0,0,0,0,0,0,
plate22,g,2,f,1,0,1,0,0,0,
plate22,g,3,f,0,0,0,0,0,0,
plate22,g,4,f,1,1,0,1,1,0,
plate22,g,5,f,0,0,0,0,0,0,
plate22,g,6,f,0,0,0,0,0,0,
plate22,g,7,f,1,1,0,1,1,0,
plate22,g,8,f,0,0,0,0,0,0,
plate22,g,9,f,0,0,0,0,0,0,
plate22,g,10,f,0,0,0,0,0,0,
plate22,g,11,f,0,0,0,0,0,0,
plate22,g,12,f,0,0,0,0,0,0,
plate22,h,1,m,0,0,0,0,0,0,
plate22,h,2,m,1,1,0,0,0,0,
plate22,h,3,m,0,0,0,0,0,0,
plate22,h,4,m,0,0,0,0,0,0,
plate22,h,5,m,0,0,0,0,0,0,
plate22,h,6,m,0,0,0,0,0,0,
plate22,h,7,m,0,0,0,0,0,0,
plate22,h,8,m,0,0,0,0,0,0,
plate22,h,9,m,0,0,0,0,0,0,
plate22,h,10,m,0,0,0,0,0,0,
plate22,h,11,m,0,0,0,0,0,0,
plate22,h,12,m,0,0,0,0,0,1,
plate23,a,1,f,0,0,0,0,0,0,
plate23,a,2,f,1,1,0,0,1,0,
plate23,a,3,f,1,1,0,0,1,0,
plate23,a,4,f,0,0,0,0,0,0,
plate23,a,5,f,0,0,0,0,0,0,
plate23,a,6,f,0,0,0,0,0,0,
plate23,a,7,f,0,0,0,0,0,0,
plate23,a,8,f,0,0,0,0,0,0,
plate23,a,9,f,0,0,0,0,0,1,
plate23,a,10,f,0,0,0,0,0,1,
plate23,a,11,f,1,1,0,1,1,0,
plate23,a,12,f,1,1,0,1,1,0,
plate23,b,1,m,0,0,0,0,0,0,
plate23,b,2,m,0,0,0,0,0,0,
plate23,b,3,m,0,0,0,0,0,0,
plate23,b,4,m,0,0,0,0,0,0,
plate23,b,5,m,0,0,0,0,0,0,
plate23,b,6,m,0,0,0,0,0,0,
plate23,b,7,m,0,0,0,0,0,0,
plate23,b,8,m,0,0,0,0,0,0,
plate23,b,9,m,0,0,0,0,0,0,
plate23,b,10,m,0,0,0,0,0,0,
plate23,b,11,m,0,0,0,0,0,0,
plate23,b,12,m,0,0,0,0,0,1,
plate23,c,1,f,0,0,0,0,0,0,
plate23,c,2,f,0,0,0,0,0,0,
plate23,c,3,f,0,0,0,0,0,0,
plate23,c,4,f,0,0,0,0,0,0,
plate23,c,5,f,0,0,0,0,0,0,
plate23,c,6,f,0,0,0,0,0,0,
plate23,c,7,f,0,0,0,0,0,0,
plate23,c,8,f,0,0,0,0,0,0,
plate23,c,9,f,0,0,0,0,0,0,
plate23,c,10,f,0,0,0,0,0,0,
plate23,c,11,f,0,0,0,0,0,0,
plate23,c,12,f,0,0,0,0,0,0,
plate23,d,1,m,0,0,0,0,0,0,
plate23,d,2,m,0,0,0,0,0,0,
plate23,d,3,m,0,0,0,0,0,0,
plate23,d,4,m,0,0,0,0,0,0,
plate23,d,5,m,0,0,0,0,0,0,
plate23,d,6,m,0,0,0,0,0,0,
plate23,d,7,m,0,0,0,0,0,0,
plate23,d,8,m,0,0,0,0,0,0,
plate23,d,9,m,0,0,0,0,0,0,
plate23,d,10,m,1,0,1,1,0,0,
plate23,d,11,m,0,0,0,0,0,0,
plate23,d,12,m,0,0,0,0,0,0,
plate23,e,1,f,0,0,0,0,0,0,
plate23,e,2,f,0,0,0,0,0,0,
plate23,e,3,f,0,0,0,0,0,0,
plate23,e,4,f,0,0,0,0,0,0,
plate23,e,5,f,0,0,0,0,0,0,
plate23,e,6,f,0,0,0,0,0,0,
plate23,e,7,f,0,0,0,0,0,0,
plate23,e,8,f,1,1,0,1,0,0,
plate23,e,9,f,0,0,0,0,0,0,
plate23,e,10,f,0,0,0,0,0,0,
plate23,e,11,f,0,0,0,0,0,1,
plate23,e,12,f,0,0,0,0,0,0,
plate23,f,1,m,0,0,0,0,0,0,
plate23,f,2,m,0,0,0,0,0,0,
plate23,f,3,m,0,0,0,0,0,0,
plate23,f,4,m,0,0,0,0,0,0,
plate23,f,5,m,0,0,0,0,0,0,
plate23,f,6,m,0,0,0,0,0,0,
plate23,f,7,m,1,1,0,1,0,0,
plate23,f,8,m,0,0,0,0,0,0,
plate23,f,9,m,0,0,0,0,0,0,
plate23,f,10,m,0,0,0,0,0,0,
plate23,f,11,m,1,1,0,1,0,0,
plate23,f,12,m,0,0,0,0,0,0,
plate23,g,1,f,0,0,0,0,0,0,
plate23,g,2,f,0,0,0,0,0,1,
plate23,g,3,f,0,0,0,0,0,0,
plate23,g,4,f,0,0,0,0,0,0,
plate23,g,5,f,0,0,0,0,0,1,
plate23,g,6,f,0,0,0,0,0,0,
plate23,g,7,f,0,0,0,0,0,1,
plate23,g,8,f,1,1,0,1,0,1,
plate23,g,9,f,0,0,0,0,0,0,
plate23,g,10,f,1,1,0,1,1,0,
plate23,g,11,f,0,0,0,0,0,0,
plate23,g,12,f,1,1,0,0,1,0,
plate23,h,1,m,0,0,0,0,0,0,
plate23,h,2,m,1,1,0,1,1,0,
plate23,h,3,m,0,0,0,0,0,0,
plate23,h,4,m,0,0,0,0,0,0,
plate23,h,5,m,0,0,0,0,0,0,
plate23,h,6,m,0,0,0,0,0,0,
plate23,h,7,m,0,0,0,0,0,0,
plate23,h,8,m,0,0,0,0,0,0,
plate23,h,9,m,0,0,0,0,0,0,
plate23,h,10,m,0,0,0,0,0,0,
plate23,h,11,m,0,0,0,0,0,0,
plate23,h,12,m,0,0,0,0,0,0,
plate24,a,1,f,0,0,0,0,0,0,
plate24,a,2,f,1,0,1,0,0,0,
plate24,a,3,f,1,1,0,1,1,0,
plate24,a,4,f,0,0,0,0,0,0,
plate24,a,5,f,0,0,0,0,0,0,
plate24,a,6,f,1,1,0,1,1,0,
plate24,a,7,f,0,0,0,0,0,0,
plate24,a,8,f,0,0,0,0,0,0,
plate24,a,9,f,0,0,0,0,0,0,
plate24,a,10,f,1,1,0,0,1,0,
plate24,a,11,f,1,0,1,0,0,0,
plate24,a,12,f,0,0,0,0,0,0,
plate24,b,1,m,0,0,0,0,0,0,
plate24,b,2,m,0,0,0,0,0,0,
plate24,b,3,m,0,0,0,0,0,0,
plate24,b,4,m,0,0,0,0,0,0,
plate24,b,5,m,0,0,0,0,0,0,
plate24,b,6,m,0,0,0,0,0,0,
plate24,b,7,m,0,0,0,0,0,0,
plate24,b,8,m,0,0,0,0,0,0,
plate24,b,9,m,0,0,0,0,0,0,
plate24,b,10,m,0,0,0,0,0,0,
plate24,b,11,m,0,0,0,0,0,0,
plate24,b,12,m,0,0,0,0,0,0,
plate24,c,1,f,0,0,0,0,0,0,
plate24,c,2,f,0,0,0,0,0,0,
plate24,c,3,f,0,0,0,0,0,0,
plate24,c,4,f,0,0,0,0,0,0,
plate24,c,5,f,0,0,0,0,0,0,
plate24,c,6,f,0,0,0,0,0,0,
plate24,c,7,f,0,0,0,0,0,0,
plate24,c,8,f,0,0,0,0,0,0,
plate24,c,9,f,0,0,0,0,0,0,
plate24,c,10,f,0,0,0,0,0,0,
plate24,c,11,f,1,1,0,1,0,0,
plate24,c,12,f,0,0,0,0,0,0,
plate24,d,1,m,0,0,0,0,0,0,
plate24,d,2,m,1,0,1,1,1,0,
plate24,d,3,m,0,0,0,0,0,0,
plate24,d,4,m,0,0,0,0,0,0,
plate24,d,5,m,1,1,0,0,1,0,
plate24,d,6,m,0,0,0,0,0,0,
plate24,d,7,m,0,0,0,0,0,0,
plate24,d,8,m,0,0,0,0,0,0,
plate24,d,9,m,0,0,0,0,0,0,
plate24,d,10,m,0,0,0,0,0,0,
plate24,d,11,m,0,0,0,0,0,0,
plate24,d,12,m,0,0,0,0,0,0,
plate24,e,1,f,0,0,0,0,0,0,
plate24,e,2,f,1,1,0,0,0,1,
plate24,e,3,f,1,1,0,1,1,0,
plate24,e,4,f,1,1,0,1,1,0,
plate24,e,5,f,0,0,0,0,0,0,
plate24,e,6,f,0,0,0,0,0,0,
plate24,e,7,f,0,0,0,0,0,0,
plate24,e,8,f,0,0,0,0,0,0,
plate24,e,9,f,1,1,0,1,0,0,
plate24,e,10,f,0,0,0,0,0,0,
plate24,e,11,f,1,1,0,1,NA,0,
plate24,e,12,f,1,1,0,1,1,0,
plate24,f,1,m,1,1,0,1,0,0,
plate24,f,2,m,0,0,0,0,0,0,
plate24,f,3,m,1,0,1,0,0,0,
plate24,f,4,m,0,0,0,0,0,0,
plate24,f,5,m,0,0,0,0,0,0,
plate24,f,6,m,0,0,0,0,0,0,
plate24,f,7,m,0,0,0,0,0,0,
plate24,f,8,m,0,0,0,0,0,0,
plate24,f,9,m,0,0,0,0,0,0,
plate24,f,10,m,0,0,0,0,0,0,
plate24,f,11,m,0,0,0,0,0,0,
plate24,f,12,m,0,0,0,0,0,0,
plate24,g,1,f,1,0,1,1,1,1,
plate24,g,2,f,1,0,1,0,0,0,
plate24,g,3,f,1,1,0,1,1,0,
plate24,g,4,f,0,0,0,0,0,0,
plate24,g,5,f,0,0,0,0,0,0,
plate24,g,6,f,0,0,0,0,0,1,
plate24,g,7,f,0,0,0,0,0,0,
plate24,g,8,f,1,0,1,0,0,0,
plate24,g,9,f,0,0,0,0,0,0,
plate24,g,10,f,0,0,0,0,0,0,
plate24,g,11,f,1,1,0,1,1,0,
plate24,g,12,f,0,0,0,0,0,0,
plate24,h,1,m,0,0,0,0,0,0,
plate24,h,2,m,0,0,0,0,0,0,
plate24,h,3,m,1,0,1,0,0,0,
plate24,h,4,m,0,0,0,0,0,0,
plate24,h,5,m,0,0,0,0,0,0,
plate24,h,6,m,0,0,0,0,0,0,
plate24,h,7,m,0,0,0,0,0,0,
plate24,h,8,m,0,0,0,0,0,0,
plate24,h,9,m,0,0,0,0,0,1,
plate24,h,10,m,0,0,0,0,0,0,
plate24,h,11,m,0,0,0,0,0,0,
plate24,h,12,m,1,1,0,0,1,0,
plate25,a,1,f,0,0,0,0,0,0,
plate25,a,2,f,1,0,1,1,1,0,
plate25,a,3,f,0,0,0,0,0,0,
plate25,a,4,f,0,0,0,0,0,0,
plate25,a,5,f,0,0,0,0,0,0,
plate25,a,6,f,0,0,0,0,0,0,
plate25,a,7,f,1,1,0,0,0,0,
plate25,a,8,f,0,0,0,0,0,0,
plate25,a,9,f,0,0,0,0,0,0,
plate25,a,10,f,1,0,1,0,1,0,
plate25,a,11,f,0,0,0,0,0,0,
plate25,a,12,f,0,0,0,0,0,0,
plate25,b,1,m,1,0,1,1,0,0,
plate25,b,2,m,0,0,0,0,0,0,
plate25,b,3,m,0,0,0,0,0,0,
plate25,b,4,m,1,0,1,1,1,0,
plate25,b,5,m,0,0,0,0,0,0,
plate25,b,6,m,0,0,0,0,0,0,
plate25,b,7,m,0,0,0,0,0,0,
plate25,b,8,m,0,0,0,0,0,0,
plate25,b,9,m,0,0,0,0,0,0,
plate25,b,10,m,0,0,0,0,0,0,
plate25,b,11,m,1,1,0,1,0,0,
plate25,b,12,m,1,1,0,1,1,0,
plate25,c,1,f,0,0,0,0,0,0,
plate25,c,2,f,0,0,0,0,0,0,
plate25,c,3,f,0,0,0,0,0,0,
plate25,c,4,f,0,0,0,0,0,0,
plate25,c,5,f,1,1,0,1,0,0,
plate25,c,6,f,0,0,0,0,0,0,
plate25,c,7,f,0,0,0,0,1,0,
plate25,c,8,f,0,0,0,0,0,0,
plate25,c,9,f,0,0,0,0,0,0,
plate25,c,10,f,0,0,0,0,0,0,
plate25,c,11,f,0,0,0,0,0,0,
plate25,c,12,f,0,0,0,0,0,0,
plate25,d,1,m,0,0,0,0,0,0,
plate25,d,2,m,0,0,0,0,0,0,
plate25,d,3,m,1,0,1,1,1,0,
plate25,d,4,m,0,0,0,0,1,0,
plate25,d,5,m,0,0,0,0,0,0,
plate25,d,6,m,0,0,0,0,0,0,
plate25,d,7,m,1,1,0,0,1,0,
plate25,d,8,m,0,0,0,0,0,0,
plate25,d,9,m,1,1,0,1,1,0,
plate25,d,10,m,0,0,0,0,0,0,
plate25,d,11,m,0,0,0,0,0,0,
plate25,d,12,m,0,0,0,0,0,0,
plate25,e,1,f,0,0,0,0,0,0,
plate25,e,2,f,1,1,0,1,1,0,
plate25,e,3,f,1,1,0,1,0,0,
plate25,e,4,f,0,0,0,0,0,0,
plate25,e,5,f,0,0,0,0,0,0,
plate25,e,6,f,0,0,0,0,0,0,
plate25,e,7,f,0,0,0,0,0,0,
plate25,e,8,f,1,0,1,0,0,1,
plate25,e,9,f,0,0,0,0,0,0,
plate25,e,10,f,0,0,0,0,0,0,
plate25,e,11,f,0,0,0,0,0,0,
plate25,e,12,f,0,0,0,0,0,0,
plate25,f,1,m,0,0,0,0,0,0,
plate25,f,2,m,0,0,0,0,0,0,
plate25,f,3,m,0,0,0,0,0,0,
plate25,f,4,m,0,0,0,0,0,0,
plate25,f,5,m,0,0,0,0,0,0,
plate25,f,6,m,1,1,0,1,0,0,
plate25,f,7,m,0,0,0,0,0,0,
plate25,f,8,m,1,1,0,0,0,0,
plate25,f,9,m,1,1,0,1,1,0,
plate25,f,10,m,0,0,0,0,0,0,
plate25,f,11,m,0,0,0,0,0,0,
plate25,f,12,m,0,0,0,0,0,0,
plate25,g,1,f,0,0,0,0,0,0,
plate25,g,2,f,0,0,0,0,0,0,
plate25,g,3,f,0,0,0,0,0,0,
plate25,g,4,f,0,0,0,0,0,0,
plate25,g,5,f,1,1,0,1,1,0,
plate25,g,6,f,0,0,0,0,0,0,
plate25,g,7,f,1,0,1,0,0,0,
plate25,g,8,f,1,1,0,1,1,0,
plate25,g,9,f,0,0,0,0,0,0,
plate25,g,10,f,0,0,0,0,0,0,
plate25,g,11,f,0,0,0,0,0,0,
plate25,g,12,f,0,0,0,0,0,0,
plate25,h,1,m,0,0,0,0,0,0,
plate25,h,2,m,0,0,0,0,0,0,
plate25,h,3,m,1,1,0,1,1,0,
plate25,h,4,m,0,0,0,0,0,0,
plate25,h,5,m,0,0,0,0,0,0,
plate25,h,6,m,0,0,0,0,0,0,
plate25,h,7,m,1,0,1,0,NA,0,
plate25,h,8,m,1,0,1,1,1,0,
plate25,h,9,m,0,0,0,0,0,0,
plate25,h,10,m,0,0,0,0,0,0,
plate25,h,11,m,0,0,0,0,0,0,
plate25,h,12,m,0,0,0,0,0,0,
plate26,a,1,f,0,0,0,0,0,0,
plate26,a,2,f,1,0,1,0,0,0,
plate26,a,3,f,1,1,0,0,NA,0,
plate26,a,4,f,0,0,0,0,0,0,
plate26,a,5,f,0,0,0,0,0,0,
plate26,a,6,f,0,0,0,1,1,0,
plate26,a,7,f,0,0,0,0,0,0,
plate26,a,8,f,0,0,0,0,0,0,
plate26,a,9,f,0,0,0,0,0,0,
plate26,a,10,f,0,0,0,0,0,0,
plate26,a,11,f,1,1,0,1,1,0,
plate26,a,12,f,1,1,0,1,1,0,
plate26,b,1,m,0,0,0,0,0,0,
plate26,b,2,m,0,0,0,0,0,0,
plate26,b,3,m,0,0,0,0,0,0,
plate26,b,4,m,0,0,0,0,0,0,
plate26,b,5,m,0,0,0,0,0,0,
plate26,b,6,m,0,0,0,0,0,0,
plate26,b,7,m,0,0,0,0,0,0,
plate26,b,8,m,0,0,0,0,0,0,
plate26,b,9,m,0,0,0,0,0,0,
plate26,b,10,m,0,0,0,0,0,0,
plate26,b,11,m,0,0,0,0,0,0,
plate26,b,12,m,0,0,0,0,0,0,
plate26,c,1,f,0,0,0,0,0,0,
plate26,c,2,f,0,0,0,0,0,0,
plate26,c,3,f,0,0,0,0,0,0,
plate26,c,4,f,NA,NA,NA,NA,NA,NA,
plate26,c,5,f,0,0,0,0,0,0,
plate26,c,6,f,0,0,0,0,0,0,
plate26,c,7,f,0,0,0,0,0,0,
plate26,c,8,f,1,1,0,1,0,0,
plate26,c,9,f,0,0,0,0,0,1,
plate26,c,10,f,0,0,0,0,0,0,
plate26,c,11,f,0,0,0,0,0,0,
plate26,c,12,f,0,0,0,0,0,0,
plate26,d,1,m,0,0,0,0,0,0,
plate26,d,2,m,0,0,0,0,0,0,
plate26,d,3,m,0,0,0,0,0,0,
plate26,d,4,m,0,0,0,0,0,0,
plate26,d,5,m,0,0,0,0,0,0,
plate26,d,6,m,1,1,0,0,1,0,
plate26,d,7,m,0,0,0,0,0,0,
plate26,d,8,m,1,1,0,1,1,0,
plate26,d,9,m,0,0,0,0,0,0,
plate26,d,10,m,0,0,0,0,0,0,
plate26,d,11,m,0,0,0,0,0,0,
plate26,d,12,m,1,0,1,0,0,0,
plate26,e,1,f,0,0,0,0,0,0,
plate26,e,2,f,0,0,0,0,0,0,
plate26,e,3,f,0,0,0,0,0,0,
plate26,e,4,f,1,0,1,0,0,0,
plate26,e,5,f,1,0,1,0,0,0,
plate26,e,6,f,0,0,0,0,0,0,
plate26,e,7,f,0,0,0,0,0,0,
plate26,e,8,f,0,0,0,0,0,0,
plate26,e,9,f,0,0,0,0,0,0,
plate26,e,10,f,0,0,0,0,0,0,
plate26,e,11,f,0,0,0,0,0,0,
plate26,e,12,f,1,1,0,1,0,0,
plate26,f,1,m,1,1,0,0,0,0,
plate26,f,2,m,0,0,0,0,0,0,
plate26,f,3,m,0,0,0,0,0,0,
plate26,f,4,m,0,0,0,0,0,0,
plate26,f,5,m,0,0,0,0,0,0,
plate26,f,6,m,0,0,0,0,0,1,
plate26,f,7,m,0,0,0,0,0,0,
plate26,f,8,m,1,1,0,1,0,0,
plate26,f,9,m,1,0,1,0,1,0,
plate26,f,10,m,0,0,0,0,0,0,
plate26,f,11,m,0,0,0,0,0,0,
plate26,f,12,m,0,0,0,0,0,0,
plate26,g,1,f,1,1,0,1,1,0,
plate26,g,2,f,1,0,1,0,0,0,
plate26,g,3,f,0,0,0,0,0,0,
plate26,g,4,f,0,0,0,0,0,0,
plate26,g,5,f,0,0,0,0,0,0,
plate26,g,6,f,0,0,0,0,0,0,
plate26,g,7,f,0,0,0,0,0,0,
plate26,g,8,f,0,0,0,0,0,0,
plate26,g,9,f,0,0,0,0,0,0,
plate26,g,10,f,1,0,1,1,1,0,
plate26,g,11,f,0,0,0,0,0,0,
plate26,g,12,f,0,0,0,0,0,0,
plate26,h,1,m,0,0,0,0,0,0,
plate26,h,2,m,0,0,0,0,0,0,
plate26,h,3,m,0,0,0,0,0,0,
plate26,h,4,m,0,0,0,0,0,0,
plate26,h,5,m,1,1,0,0,0,0,
plate26,h,6,m,0,0,0,0,0,0,
plate26,h,7,m,0,0,0,0,0,0,
plate26,h,8,m,0,0,0,0,0,0,
plate26,h,9,m,0,0,0,0,0,0,
plate26,h,10,m,0,0,0,0,0,0,
plate26,h,11,m,0,0,0,0,0,0,
plate26,h,12,m,0,0,0,0,0,0,
plate27,a,1,f,0,0,0,0,0,0,
plate27,a,2,f,0,0,0,0,0,0,
plate27,a,3,f,0,0,0,0,0,0,
plate27,a,4,f,0,0,0,0,0,0,
plate27,a,5,f,0,0,0,0,0,0,
plate27,a,6,f,0,0,0,0,0,0,
plate27,a,7,f,0,0,0,0,0,0,
plate27,a,8,f,1,1,0,1,1,0,
plate27,a,9,f,0,0,0,0,0,0,
plate27,a,10,f,0,0,0,0,0,0,
plate27,a,11,f,0,0,0,0,0,0,
plate27,a,12,f,1,0,1,1,1,0,
plate27,b,1,m,0,0,0,0,0,0,
plate27,b,2,m,0,0,0,0,0,0,
plate27,b,3,m,0,0,0,0,0,0,
plate27,b,4,m,0,0,0,0,0,0,
plate27,b,5,m,1,0,1,0,NA,1,
plate27,b,6,m,0,0,0,0,0,0,
plate27,b,7,m,0,0,0,0,0,0,
plate27,b,8,m,0,0,0,0,0,0,
plate27,b,9,m,1,0,1,1,0,0,
plate27,b,10,m,0,0,0,0,0,0,
plate27,b,11,m,0,0,0,0,0,0,
plate27,b,12,m,0,0,0,0,0,0,
plate27,c,1,f,0,0,0,0,0,0,
plate27,c,2,f,1,1,0,0,1,0,
plate27,c,3,f,0,0,0,0,0,0,
plate27,c,4,f,0,0,0,0,0,0,
plate27,c,5,f,1,0,1,0,0,0,
plate27,c,6,f,0,0,0,0,0,0,
plate27,c,7,f,1,0,1,0,0,0,
plate27,c,8,f,1,0,1,0,0,0,
plate27,c,9,f,0,0,0,0,0,0,
plate27,c,10,f,0,0,0,0,0,0,
plate27,c,11,f,0,0,0,0,0,0,
plate27,c,12,f,0,0,0,0,0,0,
plate27,d,1,m,1,1,0,1,0,0,
plate27,d,2,m,0,0,0,0,0,0,
plate27,d,3,m,0,0,0,0,0,0,
plate27,d,4,m,0,0,0,0,0,0,
plate27,d,5,m,0,0,0,0,0,0,
plate27,d,6,m,0,0,0,0,0,0,
plate27,d,7,m,1,1,0,1,0,0,
plate27,d,8,m,0,0,0,0,0,0,
plate27,d,9,m,0,0,0,0,0,0,
plate27,d,10,m,0,0,0,0,0,0,
plate27,d,11,m,0,0,0,0,0,0,
plate27,d,12,m,0,0,0,0,0,0,
plate27,e,1,f,0,0,0,0,0,1,
plate27,e,2,f,1,1,0,1,0,0,
plate27,e,3,f,0,0,0,0,0,0,
plate27,e,4,f,0,0,0,0,0,1,
plate27,e,5,f,0,0,0,0,0,0,
plate27,e,6,f,0,0,0,0,0,0,
plate27,e,7,f,1,1,0,1,0,0,
plate27,e,8,f,0,0,0,0,0,1,
plate27,e,9,f,0,0,0,0,0,0,
plate27,e,10,f,0,0,0,0,0,0,
plate27,e,11,f,0,0,0,0,0,0,
plate27,e,12,f,0,0,0,0,0,0,
plate27,f,1,m,0,0,0,0,0,0,
plate27,f,2,m,0,0,0,0,0,0,
plate27,f,3,m,0,0,0,0,0,0,
plate27,f,4,m,0,0,0,0,0,0,
plate27,f,5,m,1,1,0,0,0,0,
plate27,f,6,m,0,0,0,0,0,0,
plate27,f,7,m,1,0,1,0,0,0,
plate27,f,8,m,0,0,0,0,0,0,
plate27,f,9,m,0,0,0,0,0,0,
plate27,f,10,m,0,0,0,0,0,0,
plate27,f,11,m,0,0,0,0,0,0,
plate27,f,12,m,1,1,0,0,1,0,
plate27,g,1,f,0,0,0,0,0,0,
plate27,g,2,f,0,0,0,0,0,0,
plate27,g,3,f,0,0,0,0,0,0,
plate27,g,4,f,0,0,0,0,0,0,
plate27,g,5,f,0,0,0,0,0,0,
plate27,g,6,f,0,0,0,0,0,0,
plate27,g,7,f,0,0,0,0,0,0,
plate27,g,8,f,0,0,0,0,0,0,
plate27,g,9,f,0,0,0,0,0,0,
plate27,g,10,f,0,0,0,0,0,0,
plate27,g,11,f,1,0,1,0,0,0,
plate27,g,12,f,0,0,0,0,0,0,
plate27,h,1,m,0,0,0,0,0,0,
plate27,h,2,m,1,1,0,1,0,0,
plate27,h,3,m,0,0,0,0,0,0,
plate27,h,4,m,0,0,0,0,0,0,
plate27,h,5,m,0,0,0,0,0,0,
plate27,h,6,m,0,0,0,0,0,0,
plate27,h,7,m,0,0,0,0,0,0,
plate27,h,8,m,0,0,0,0,0,0,
plate27,h,9,m,0,0,0,0,0,0,
plate27,h,10,m,0,0,0,0,0,0,
plate27,h,11,m,0,0,0,0,0,0,
plate27,h,12,m,0,0,0,0,0,0,
plate28,a,1,f,1,0,1,0,0,0,
plate28,a,2,f,0,0,0,0,0,0,
plate28,a,3,f,1,0,1,0,0,0,
plate28,a,4,f,0,0,0,0,0,0,
plate28,a,5,f,0,0,0,0,0,0,
plate28,a,6,f,0,0,0,0,0,0,
plate28,a,7,f,0,0,0,0,0,0,
plate28,a,8,f,0,0,0,0,0,0,
plate28,a,9,f,0,0,0,0,0,0,
plate28,a,10,f,0,0,0,0,0,0,
plate28,a,11,f,1,1,0,1,1,0,
plate28,a,12,f,0,0,0,0,0,0,
plate28,b,1,m,0,0,0,0,0,0,
plate28,b,2,m,0,0,0,0,0,0,
plate28,b,3,m,1,1,0,0,0,0,
plate28,b,4,m,0,0,0,0,0,0,
plate28,b,5,m,1,1,0,0,0,0,
plate28,b,6,m,0,0,0,0,0,0,
plate28,b,7,m,0,0,0,0,0,0,
plate28,b,8,m,0,0,0,0,0,0,
plate28,b,9,m,0,0,0,0,0,0,
plate28,b,10,m,0,0,0,0,0,0,
plate28,b,11,m,0,0,0,0,0,0,
plate28,b,12,m,0,0,0,0,0,0,
plate28,c,1,f,0,0,0,0,0,0,
plate28,c,2,f,0,0,0,0,0,0,
plate28,c,3,f,0,0,0,0,0,0,
plate28,c,4,f,0,0,0,0,0,0,
plate28,c,5,f,0,0,0,0,0,0,
plate28,c,6,f,0,0,0,0,0,0,
plate28,c,7,f,0,0,0,0,0,0,
plate28,c,8,f,0,0,0,0,0,0,
plate28,c,9,f,0,0,0,0,0,0,
plate28,c,10,f,0,0,0,0,0,0,
plate28,c,11,f,0,0,0,0,0,0,
plate28,c,12,f,0,0,0,0,0,0,
plate28,d,1,m,1,1,0,0,1,0,
plate28,d,2,m,0,0,0,0,0,0,
plate28,d,3,m,0,0,0,0,0,0,
plate28,d,4,m,1,0,1,0,1,0,
plate28,d,5,m,0,0,0,0,0,0,
plate28,d,6,m,1,0,1,0,0,0,
plate28,d,7,m,0,0,0,0,0,0,
plate28,d,8,m,1,1,0,0,1,0,
plate28,d,9,m,0,0,0,0,0,0,
plate28,d,10,m,0,0,0,0,0,0,
plate28,d,11,m,0,0,0,0,0,0,
plate28,d,12,m,0,0,0,0,0,0,
plate28,e,1,f,0,0,0,0,0,0,
plate28,e,2,f,1,1,0,1,1,0,
plate28,e,3,f,0,0,0,0,0,1,
plate28,e,4,f,0,0,0,0,0,0,
plate28,e,5,f,0,0,0,0,0,0,
plate28,e,6,f,0,0,0,0,0,0,
plate28,e,7,f,0,0,0,0,0,0,
plate28,e,8,f,0,0,0,0,0,0,
plate28,e,9,f,1,1,0,1,0,0,
plate28,e,10,f,0,0,0,0,0,0,
plate28,e,11,f,1,1,0,1,0,0,
plate28,e,12,f,0,0,0,0,0,0,
plate28,f,1,m,1,0,1,1,0,0,
plate28,f,2,m,0,0,0,0,0,0,
plate28,f,3,m,0,0,0,0,0,0,
plate28,f,4,m,0,0,0,0,0,0,
plate28,f,5,m,0,0,0,0,0,0,
plate28,f,6,m,0,0,0,0,0,0,
plate28,f,7,m,0,0,0,0,0,0,
plate28,f,8,m,0,0,0,0,0,0,
plate28,f,9,m,0,0,0,0,0,0,
plate28,f,10,m,0,0,0,0,0,0,
plate28,f,11,m,0,0,0,0,0,0,
plate28,f,12,m,0,0,0,0,0,0,
plate28,g,1,f,0,0,0,0,0,0,
plate28,g,2,f,1,1,0,1,0,0,
plate28,g,3,f,0,0,0,0,0,0,
plate28,g,4,f,0,0,0,0,0,0,
plate28,g,5,f,0,0,0,0,0,0,
plate28,g,6,f,0,0,0,0,0,0,
plate28,g,7,f,1,0,1,0,0,0,
plate28,g,8,f,0,0,0,0,0,0,
plate28,g,9,f,0,0,0,0,0,0,
plate28,g,10,f,0,0,0,0,0,0,
plate28,g,11,f,0,0,0,0,0,0,
plate28,g,12,f,0,0,0,0,0,0,
plate28,h,1,m,0,0,0,0,0,0,
plate28,h,2,m,0,0,0,0,0,0,
plate28,h,3,m,0,0,0,0,0,0,
plate28,h,4,m,0,0,0,0,0,0,
plate28,h,5,m,1,0,1,1,0,0,
plate28,h,6,m,0,0,0,0,0,0,
plate28,h,7,m,0,0,0,0,0,0,
plate28,h,8,m,0,0,0,0,0,0,
plate28,h,9,m,1,1,0,0,1,0,
plate28,h,10,m,1,0,1,1,0,0,
plate28,h,11,m,0,0,0,0,0,0,
plate28,h,12,m,0,0,0,0,0,0,
plate29,a,1,f,0,0,0,0,0,0,
plate29,a,2,f,0,0,0,0,0,0,
plate29,a,3,f,1,1,0,1,1,1,
plate29,a,4,f,1,1,0,1,1,1,
plate29,a,5,f,0,0,0,0,0,0,
plate29,a,6,f,1,1,0,1,0,0,
plate29,a,7,f,1,0,1,0,0,0,
plate29,a,8,f,0,0,0,0,0,0,
plate29,a,9,f,0,0,0,0,0,0,
plate29,a,10,f,1,1,0,1,1,0,
plate29,a,11,f,0,0,0,0,0,0,
plate29,a,12,f,0,0,0,0,0,0,
plate29,b,1,m,0,0,0,0,0,0,
plate29,b,2,m,0,0,0,0,1,0,
plate29,b,3,m,0,0,0,0,0,0,
plate29,b,4,m,1,1,0,0,0,0,
plate29,b,5,m,0,0,0,0,0,0,
plate29,b,6,m,0,0,0,0,0,0,
plate29,b,7,m,0,0,0,0,0,0,
plate29,b,8,m,0,0,0,0,0,0,
plate29,b,9,m,1,1,0,0,0,0,
plate29,b,10,m,0,0,0,0,0,0,
plate29,b,11,m,1,1,0,1,1,0,
plate29,b,12,m,0,0,0,0,0,0,
plate29,c,1,f,0,0,0,0,0,0,
plate29,c,2,f,0,0,0,0,0,1,
plate29,c,3,f,0,0,0,0,0,0,
plate29,c,4,f,0,0,0,0,0,0,
plate29,c,5,f,0,0,0,0,0,0,
plate29,c,6,f,1,1,0,0,0,0,
plate29,c,7,f,1,1,0,0,1,1,
plate29,c,8,f,1,1,0,1,0,0,
plate29,c,9,f,0,0,0,0,0,0,
plate29,c,10,f,0,0,0,0,0,0,
plate29,c,11,f,0,0,0,0,0,0,
plate29,c,12,f,0,0,0,0,0,0,
plate29,d,1,m,0,0,0,0,0,0,
plate29,d,2,m,0,0,0,0,0,0,
plate29,d,3,m,0,0,0,0,0,0,
plate29,d,4,m,0,0,0,0,0,0,
plate29,d,5,m,0,0,0,0,0,0,
plate29,d,6,m,0,0,0,0,0,0,
plate29,d,7,m,0,0,0,0,0,0,
plate29,d,8,m,0,0,0,0,0,0,
plate29,d,9,m,0,0,0,0,0,0,
plate29,d,10,m,0,0,0,0,0,0,
plate29,d,11,m,1,1,0,1,1,0,
plate29,d,12,m,1,1,0,0,0,0,
plate29,e,1,f,0,0,0,0,0,0,
plate29,e,2,f,0,0,0,0,0,0,
plate29,e,3,f,0,0,0,0,0,0,
plate29,e,4,f,0,0,0,0,0,0,
plate29,e,5,f,0,0,0,0,0,0,
plate29,e,6,f,0,0,0,0,0,0,
plate29,e,7,f,0,0,0,0,0,0,
plate29,e,8,f,0,0,0,0,0,0,
plate29,e,9,f,0,0,0,0,0,0,
plate29,e,10,f,0,0,0,0,0,0,
plate29,e,11,f,0,0,0,0,0,0,
plate29,e,12,f,0,0,0,0,0,0,
plate29,f,1,m,0,0,0,0,0,0,
plate29,f,2,m,0,0,0,0,0,0,
plate29,f,3,m,1,1,0,1,0,0,
plate29,f,4,m,0,0,0,0,0,0,
plate29,f,5,m,0,0,0,0,0,0,
plate29,f,6,m,0,0,0,0,0,0,
plate29,f,7,m,1,1,0,0,1,0,
plate29,f,8,m,0,0,0,0,0,0,
plate29,f,9,m,1,1,0,0,0,0,
plate29,f,10,m,0,0,0,0,0,0,
plate29,f,11,m,0,0,0,0,0,0,
plate29,f,12,m,0,0,0,0,0,0,
plate29,g,1,f,0,0,0,0,0,0,
plate29,g,2,f,0,0,0,0,0,0,
plate29,g,3,f,0,0,0,0,0,0,
plate29,g,4,f,0,0,0,0,0,0,
plate29,g,5,f,0,0,0,0,0,0,
plate29,g,6,f,0,0,0,0,0,0,
plate29,g,7,f,0,0,0,0,0,0,
plate29,g,8,f,1,0,1,0,0,0,
plate29,g,9,f,0,0,0,0,0,0,
plate29,g,10,f,1,1,0,1,0,0,
plate29,g,11,f,0,0,0,0,0,0,
plate29,g,12,f,1,1,0,1,0,0,
plate29,h,1,m,0,0,0,0,0,0,
plate29,h,2,m,0,0,0,0,0,0,
plate29,h,3,m,0,0,0,0,0,0,
plate29,h,4,m,0,0,0,0,0,0,
plate29,h,5,m,0,0,0,0,0,1,
plate29,h,6,m,0,0,0,0,0,0,
plate29,h,7,m,0,0,0,0,0,0,
plate29,h,8,m,1,1,0,1,0,0,
plate29,h,9,m,0,0,0,0,0,0,
plate29,h,10,m,1,1,0,1,0,0,
plate29,h,11,m,0,0,0,0,0,0,
plate29,h,12,m,0,0,0,0,0,0,
plate30,a,1,f,1,1,0,1,0,0,
plate30,a,2,f,0,0,0,0,0,0,
plate30,a,3,f,0,0,0,0,0,0,
plate30,a,4,f,0,0,0,0,0,0,
plate30,a,5,f,0,0,0,0,0,0,
plate30,a,6,f,1,1,0,1,1,0,
plate30,a,7,f,0,0,0,0,0,0,
plate30,a,8,f,1,0,1,0,0,1,
plate30,a,9,f,0,0,0,0,0,0,
plate30,a,10,f,0,0,0,0,0,0,
plate30,a,11,f,0,0,0,0,0,0,
plate30,a,12,f,0,0,0,0,0,0,
plate30,b,1,m,0,0,0,0,0,0,
plate30,b,2,m,0,0,0,0,0,0,
plate30,b,3,m,0,0,0,0,0,0,
plate30,b,4,m,0,0,0,0,0,0,
plate30,b,5,m,0,0,0,0,0,0,
plate30,b,6,m,0,0,0,0,0,0,
plate30,b,7,m,0,0,0,0,0,0,
plate30,b,8,m,0,0,0,0,0,0,
plate30,b,9,m,0,0,0,0,0,0,
plate30,b,10,m,0,0,0,0,0,0,
plate30,b,11,m,0,0,0,0,0,0,
plate30,b,12,m,0,0,0,0,0,0,
plate30,c,1,f,0,0,0,0,0,0,
plate30,c,2,f,1,1,0,1,1,0,
plate30,c,3,f,0,0,0,0,0,0,
plate30,c,4,f,0,0,0,0,0,0,
plate30,c,5,f,0,0,0,0,0,0,
plate30,c,6,f,0,0,0,0,0,0,
plate30,c,7,f,0,0,0,0,0,0,
plate30,c,8,f,1,1,0,0,0,0,
plate30,c,9,f,0,0,0,0,0,0,
plate30,c,10,f,1,1,0,1,1,0,
plate30,c,11,f,1,1,0,1,1,0,
plate30,c,12,f,0,0,0,0,0,0,
plate30,d,1,m,0,0,0,0,0,0,
plate30,d,2,m,0,0,0,0,0,0,
plate30,d,3,m,0,0,0,0,0,0,
plate30,d,4,m,1,0,1,0,0,0,
plate30,d,5,m,0,0,0,0,0,0,
plate30,d,6,m,1,1,0,1,1,0,
plate30,d,7,m,0,0,0,0,0,0,
plate30,d,8,m,0,0,0,0,0,0,
plate30,d,9,m,0,0,0,0,0,0,
plate30,d,10,m,0,0,0,0,0,0,
plate30,d,11,m,0,0,0,0,0,0,
plate30,d,12,m,0,0,0,0,0,0,
plate30,e,1,f,0,0,0,0,0,0,
plate30,e,2,f,0,0,0,0,0,0,
plate30,e,3,f,0,0,0,0,0,0,
plate30,e,4,f,0,0,0,0,0,0,
plate30,e,5,f,1,0,1,1,0,0,
plate30,e,6,f,1,0,1,1,0,0,
plate30,e,7,f,0,0,0,0,0,0,
plate30,e,8,f,0,0,0,0,0,0,
plate30,e,9,f,0,0,0,0,0,0,
plate30,e,10,f,0,0,0,0,0,0,
plate30,e,11,f,0,0,0,0,0,0,
plate30,e,12,f,0,0,0,0,0,0,
plate30,f,1,m,1,1,0,0,0,0,
plate30,f,2,m,0,0,0,0,0,0,
plate30,f,3,m,0,0,0,0,0,0,
plate30,f,4,m,0,0,0,0,0,0,
plate30,f,5,m,0,0,0,0,0,0,
plate30,f,6,m,0,0,0,0,0,0,
plate30,f,7,m,0,0,0,0,0,0,
plate30,f,8,m,1,1,0,1,0,0,
plate30,f,9,m,0,0,0,0,0,0,
plate30,f,10,m,0,0,0,0,0,0,
plate30,f,11,m,1,1,0,1,0,0,
plate30,f,12,m,0,0,0,0,0,1,
plate30,g,1,f,0,0,0,0,0,0,
plate30,g,2,f,0,0,0,0,0,0,
plate30,g,3,f,0,0,0,0,0,0,
plate30,g,4,f,1,1,0,1,0,0,
plate30,g,5,f,0,0,0,0,0,0,
plate30,g,6,f,0,0,0,0,0,0,
plate30,g,7,f,1,0,1,0,0,0,
plate30,g,8,f,0,0,0,0,0,0,
plate30,g,9,f,0,0,0,0,0,0,
plate30,g,10,f,1,1,0,1,1,0,
plate30,g,11,f,0,0,0,0,0,0,
plate30,g,12,f,1,0,1,1,1,0,
plate30,h,1,m,0,0,0,0,0,0,
plate30,h,2,m,0,0,0,0,0,0,
plate30,h,3,m,0,0,0,0,0,0,
plate30,h,4,m,1,0,1,0,1,0,
plate30,h,5,m,0,0,0,0,0,0,
plate30,h,6,m,1,1,0,1,1,0,
plate30,h,7,m,0,0,0,0,0,0,
plate30,h,8,m,0,0,0,0,0,0,
plate30,h,9,m,0,0,0,0,0,0,
plate30,h,10,m,0,0,0,0,0,0,
plate30,h,11,m,0,0,0,0,0,0,
plate30,h,12,m,0,0,0,0,0,0,